station,t0, t1, variable, flag, comment, URL_graphic
CEN1,2017-09-19T00:00:00+00:00,2017-09-23T00:00:00+00:00,dlr ulr dsr usr,RIME,automatically detected as rime-affected (bav),https://github.com/GEUS-Glaciology-and-Climate/PROMICE-AWS-data-issues/issues/61
CEN1,2017-10-21T00:00:00+00:00,2017-10-23T00:00:00+00:00,dlr ulr dsr usr,RIME,automatically detected as rime-affected (bav),https://github.com/GEUS-Glaciology-and-Climate/PROMICE-AWS-data-issues/issues/61
CEN1,2017-10-30T00:00:00+00:00,2017-11-22T00:00:00+00:00,dlr ulr dsr usr,RIME,automatically detected as rime-affected (bav),https://github.com/GEUS-Glaciology-and-Climate/PROMICE-AWS-data-issues/issues/61
CEN1,2017-12-11T00:00:00+00:00,2018-01-02T00:00:00+00:00,dlr ulr dsr usr,RIME,automatically detected as rime-affected (bav),https://github.com/GEUS-Glaciology-and-Climate/PROMICE-AWS-data-issues/issues/61
CEN1,2018-01-07T00:00:00+00:00,2018-01-20T00:00:00+00:00,dlr ulr dsr usr,RIME,automatically detected as rime-affected (bav),https://github.com/GEUS-Glaciology-and-Climate/PROMICE-AWS-data-issues/issues/61
CEN1,2018-02-01T00:00:00+00:00,2018-02-17T00:00:00+00:00,dlr ulr dsr usr,RIME,automatically detected as rime-affected (bav),https://github.com/GEUS-Glaciology-and-Climate/PROMICE-AWS-data-issues/issues/61
CEN1,2018-03-03T00:00:00+00:00,2018-03-06T00:00:00+00:00,dlr ulr dsr usr,RIME,automatically detected as rime-affected (bav),https://github.com/GEUS-Glaciology-and-Climate/PROMICE-AWS-data-issues/issues/61
CEN1,2018-03-10T00:00:00+00:00,2018-04-28T00:00:00+00:00,dlr ulr dsr usr,RIME,automatically detected as rime-affected (bav),https://github.com/GEUS-Glaciology-and-Climate/PROMICE-AWS-data-issues/issues/61
CEN1,2018-09-16T00:00:00+00:00,2018-09-20T00:00:00+00:00,dlr ulr dsr usr,RIME,automatically detected as rime-affected (bav),https://github.com/GEUS-Glaciology-and-Climate/PROMICE-AWS-data-issues/issues/61
CEN1,2018-10-03T00:00:00+00:00,2018-11-24T00:00:00+00:00,dlr ulr dsr usr,RIME,automatically detected as rime-affected (bav),https://github.com/GEUS-Glaciology-and-Climate/PROMICE-AWS-data-issues/issues/61
CEN1,2018-11-27T00:00:00+00:00,2018-12-06T00:00:00+00:00,dlr ulr dsr usr,RIME,automatically detected as rime-affected (bav),https://github.com/GEUS-Glaciology-and-Climate/PROMICE-AWS-data-issues/issues/61
CEN1,2018-12-17T00:00:00+00:00,2019-01-05T00:00:00+00:00,dlr ulr dsr usr,RIME,automatically detected as rime-affected (bav),https://github.com/GEUS-Glaciology-and-Climate/PROMICE-AWS-data-issues/issues/61
CEN1,2019-01-08T00:00:00+00:00,2019-04-03T00:00:00+00:00,dlr ulr dsr usr,RIME,automatically detected as rime-affected (bav),https://github.com/GEUS-Glaciology-and-Climate/PROMICE-AWS-data-issues/issues/61
CEN1,2019-04-09T00:00:00+00:00,2019-04-15T00:00:00+00:00,dlr ulr dsr usr,RIME,automatically detected as rime-affected (bav),https://github.com/GEUS-Glaciology-and-Climate/PROMICE-AWS-data-issues/issues/61
CEN1,2019-10-17T00:00:00+00:00,2019-10-23T00:00:00+00:00,dlr ulr dsr usr,RIME,automatically detected as rime-affected (bav),https://github.com/GEUS-Glaciology-and-Climate/PROMICE-AWS-data-issues/issues/61
CEN1,2019-10-29T00:00:00+00:00,2019-11-03T00:00:00+00:00,dlr ulr dsr usr,RIME,automatically detected as rime-affected (bav),https://github.com/GEUS-Glaciology-and-Climate/PROMICE-AWS-data-issues/issues/61
CEN1,2019-11-07T00:00:00+00:00,2019-11-15T00:00:00+00:00,dlr ulr dsr usr,RIME,automatically detected as rime-affected (bav),https://github.com/GEUS-Glaciology-and-Climate/PROMICE-AWS-data-issues/issues/61
CEN1,2019-12-04T00:00:00+00:00,2019-12-12T00:00:00+00:00,dlr ulr dsr usr,RIME,automatically detected as rime-affected (bav),https://github.com/GEUS-Glaciology-and-Climate/PROMICE-AWS-data-issues/issues/61
CEN1,2020-01-18T00:00:00+00:00,2020-01-24T00:00:00+00:00,dlr ulr dsr usr,RIME,automatically detected as rime-affected (bav),https://github.com/GEUS-Glaciology-and-Climate/PROMICE-AWS-data-issues/issues/61
CEN1,2020-02-03T00:00:00+00:00,2020-02-27T00:00:00+00:00,dlr ulr dsr usr,RIME,automatically detected as rime-affected (bav),https://github.com/GEUS-Glaciology-and-Climate/PROMICE-AWS-data-issues/issues/61
CEN1,2020-03-01T00:00:00+00:00,2020-03-16T00:00:00+00:00,dlr ulr dsr usr,RIME,automatically detected as rime-affected (bav),https://github.com/GEUS-Glaciology-and-Climate/PROMICE-AWS-data-issues/issues/61
CEN1,2020-10-07T00:00:00+00:00,2020-10-21T00:00:00+00:00,dlr ulr dsr usr,RIME,automatically detected as rime-affected (bav),https://github.com/GEUS-Glaciology-and-Climate/PROMICE-AWS-data-issues/issues/61
CEN1,2020-10-25T00:00:00+00:00,2020-11-13T00:00:00+00:00,dlr ulr dsr usr,RIME,automatically detected as rime-affected (bav),https://github.com/GEUS-Glaciology-and-Climate/PROMICE-AWS-data-issues/issues/61
CEN1,2020-11-20T00:00:00+00:00,2021-02-11T00:00:00+00:00,dlr ulr dsr usr,RIME,automatically detected as rime-affected (bav),https://github.com/GEUS-Glaciology-and-Climate/PROMICE-AWS-data-issues/issues/61
CEN1,2021-02-14T00:00:00+00:00,2021-04-09T00:00:00+00:00,dlr ulr dsr usr,RIME,automatically detected as rime-affected (bav),https://github.com/GEUS-Glaciology-and-Climate/PROMICE-AWS-data-issues/issues/61
CEN2,2021-08-23T00:00:00+00:00,2021-08-25T00:00:00+00:00,dlr ulr dsr usr,RIME,automatically detected as rime-affected (bav),https://github.com/GEUS-Glaciology-and-Climate/PROMICE-AWS-data-issues/issues/61
CEN2,2021-10-24T00:00:00+00:00,2021-12-02T00:00:00+00:00,dlr ulr dsr usr,RIME,automatically detected as rime-affected (bav),https://github.com/GEUS-Glaciology-and-Climate/PROMICE-AWS-data-issues/issues/61
CEN2,2022-09-19T00:00:00+00:00,2022-09-25T00:00:00+00:00,dlr ulr dsr usr,RIME,automatically detected as rime-affected (bav),https://github.com/GEUS-Glaciology-and-Climate/PROMICE-AWS-data-issues/issues/61
CEN2,2022-09-29T00:00:00+00:00,2022-10-14T00:00:00+00:00,dlr ulr dsr usr,RIME,automatically detected as rime-affected (bav),https://github.com/GEUS-Glaciology-and-Climate/PROMICE-AWS-data-issues/issues/61
CEN2,2022-10-20T00:00:00+00:00,2022-10-22T00:00:00+00:00,dlr ulr dsr usr,RIME,automatically detected as rime-affected (bav),https://github.com/GEUS-Glaciology-and-Climate/PROMICE-AWS-data-issues/issues/61
CEN2,2022-10-25T00:00:00+00:00,2022-11-05T00:00:00+00:00,dlr ulr dsr usr,RIME,automatically detected as rime-affected (bav),https://github.com/GEUS-Glaciology-and-Climate/PROMICE-AWS-data-issues/issues/61
CEN2,2022-11-11T00:00:00+00:00,2022-11-13T00:00:00+00:00,dlr ulr dsr usr,RIME,automatically detected as rime-affected (bav),https://github.com/GEUS-Glaciology-and-Climate/PROMICE-AWS-data-issues/issues/61
CEN2,2022-11-18T00:00:00+00:00,2022-11-29T00:00:00+00:00,dlr ulr dsr usr,RIME,automatically detected as rime-affected (bav),https://github.com/GEUS-Glaciology-and-Climate/PROMICE-AWS-data-issues/issues/61
CEN2,2023-10-11T00:00:00+00:00,2023-10-13T00:00:00+00:00,dlr ulr dsr usr,RIME,automatically detected as rime-affected (bav),https://github.com/GEUS-Glaciology-and-Climate/PROMICE-AWS-data-issues/issues/61
CEN2,2023-10-28T00:00:00+00:00,2023-11-23T00:00:00+00:00,dlr ulr dsr usr,RIME,automatically detected as rime-affected (bav),https://github.com/GEUS-Glaciology-and-Climate/PROMICE-AWS-data-issues/issues/61
CEN2,2023-12-06T00:00:00+00:00,2023-12-08T00:00:00+00:00,dlr ulr dsr usr,RIME,automatically detected as rime-affected (bav),https://github.com/GEUS-Glaciology-and-Climate/PROMICE-AWS-data-issues/issues/61
CEN2,2023-12-11T00:00:00+00:00,2024-04-06T00:00:00+00:00,dlr ulr dsr usr,RIME,automatically detected as rime-affected (bav),https://github.com/GEUS-Glaciology-and-Climate/PROMICE-AWS-data-issues/issues/61
CEN2,2024-09-17T00:00:00+00:00,2024-09-19T00:00:00+00:00,dlr ulr dsr usr,RIME,automatically detected as rime-affected (bav),https://github.com/GEUS-Glaciology-and-Climate/PROMICE-AWS-data-issues/issues/61
CEN2,2024-10-18T00:00:00+00:00,2024-10-25T00:00:00+00:00,dlr ulr dsr usr,RIME,automatically detected as rime-affected (bav),https://github.com/GEUS-Glaciology-and-Climate/PROMICE-AWS-data-issues/issues/61
CEN2,2024-10-30T00:00:00+00:00,2024-11-01T00:00:00+00:00,dlr ulr dsr usr,RIME,automatically detected as rime-affected (bav),https://github.com/GEUS-Glaciology-and-Climate/PROMICE-AWS-data-issues/issues/61
CP1,2021-11-15T00:00:00+00:00,2021-11-20T00:00:00+00:00,dlr ulr dsr usr,RIME,automatically detected as rime-affected (bav),https://github.com/GEUS-Glaciology-and-Climate/PROMICE-AWS-data-issues/issues/61
CP1,2021-11-27T00:00:00+00:00,2021-11-29T00:00:00+00:00,dlr ulr dsr usr,RIME,automatically detected as rime-affected (bav),https://github.com/GEUS-Glaciology-and-Climate/PROMICE-AWS-data-issues/issues/61
CP1,2022-11-01T00:00:00+00:00,2022-11-03T00:00:00+00:00,dlr ulr dsr usr,RIME,automatically detected as rime-affected (bav),https://github.com/GEUS-Glaciology-and-Climate/PROMICE-AWS-data-issues/issues/61
CP1,2022-11-07T00:00:00+00:00,2022-11-11T00:00:00+00:00,dlr ulr dsr usr,RIME,automatically detected as rime-affected (bav),https://github.com/GEUS-Glaciology-and-Climate/PROMICE-AWS-data-issues/issues/61
CP1,2023-12-14T00:00:00+00:00,2023-12-22T00:00:00+00:00,dlr ulr dsr usr,RIME,automatically detected as rime-affected (bav),https://github.com/GEUS-Glaciology-and-Climate/PROMICE-AWS-data-issues/issues/61
CP1,2023-12-28T00:00:00+00:00,2023-12-31T00:00:00+00:00,dlr ulr dsr usr,RIME,automatically detected as rime-affected (bav),https://github.com/GEUS-Glaciology-and-Climate/PROMICE-AWS-data-issues/issues/61
CP1,2024-01-15T00:00:00+00:00,2024-01-23T00:00:00+00:00,dlr ulr dsr usr,RIME,automatically detected as rime-affected (bav),https://github.com/GEUS-Glaciology-and-Climate/PROMICE-AWS-data-issues/issues/61
DY2,2022-09-28T00:00:00+00:00,2022-10-01T00:00:00+00:00,dlr ulr dsr usr,RIME,automatically detected as rime-affected (bav),https://github.com/GEUS-Glaciology-and-Climate/PROMICE-AWS-data-issues/issues/61
DY2,2022-10-08T00:00:00+00:00,2022-10-10T00:00:00+00:00,dlr ulr dsr usr,RIME,automatically detected as rime-affected (bav),https://github.com/GEUS-Glaciology-and-Climate/PROMICE-AWS-data-issues/issues/61
DY2,2022-11-01T00:00:00+00:00,2022-11-03T00:00:00+00:00,dlr ulr dsr usr,RIME,automatically detected as rime-affected (bav),https://github.com/GEUS-Glaciology-and-Climate/PROMICE-AWS-data-issues/issues/61
DY2,2022-12-14T00:00:00+00:00,2022-12-17T00:00:00+00:00,dlr ulr dsr usr,RIME,automatically detected as rime-affected (bav),https://github.com/GEUS-Glaciology-and-Climate/PROMICE-AWS-data-issues/issues/61
DY2,2023-01-03T00:00:00+00:00,2023-01-07T00:00:00+00:00,dlr ulr dsr usr,RIME,automatically detected as rime-affected (bav),https://github.com/GEUS-Glaciology-and-Climate/PROMICE-AWS-data-issues/issues/61
DY2,2023-12-29T00:00:00+00:00,2024-01-04T00:00:00+00:00,dlr ulr dsr usr,RIME,automatically detected as rime-affected (bav),https://github.com/GEUS-Glaciology-and-Climate/PROMICE-AWS-data-issues/issues/61
DY2,2024-01-18T00:00:00+00:00,2024-01-20T00:00:00+00:00,dlr ulr dsr usr,RIME,automatically detected as rime-affected (bav),https://github.com/GEUS-Glaciology-and-Climate/PROMICE-AWS-data-issues/issues/61
DY2,2024-01-24T00:00:00+00:00,2024-02-07T00:00:00+00:00,dlr ulr dsr usr,RIME,automatically detected as rime-affected (bav),https://github.com/GEUS-Glaciology-and-Climate/PROMICE-AWS-data-issues/issues/61
DY2,2024-02-22T00:00:00+00:00,2024-02-25T00:00:00+00:00,dlr ulr dsr usr,RIME,automatically detected as rime-affected (bav),https://github.com/GEUS-Glaciology-and-Climate/PROMICE-AWS-data-issues/issues/61
DY2,2024-03-17T00:00:00+00:00,2024-03-20T00:00:00+00:00,dlr ulr dsr usr,RIME,automatically detected as rime-affected (bav),https://github.com/GEUS-Glaciology-and-Climate/PROMICE-AWS-data-issues/issues/61
DY2,2024-10-15T00:00:00+00:00,2024-10-25T00:00:00+00:00,dlr ulr dsr usr,RIME,automatically detected as rime-affected (bav),https://github.com/GEUS-Glaciology-and-Climate/PROMICE-AWS-data-issues/issues/61
EGP,2016-09-10T00:00:00+00:00,2016-09-12T00:00:00+00:00,dlr ulr dsr usr,RIME,automatically detected as rime-affected (bav),https://github.com/GEUS-Glaciology-and-Climate/PROMICE-AWS-data-issues/issues/61
EGP,2016-09-23T00:00:00+00:00,2016-09-25T00:00:00+00:00,dlr ulr dsr usr,RIME,automatically detected as rime-affected (bav),https://github.com/GEUS-Glaciology-and-Climate/PROMICE-AWS-data-issues/issues/61
EGP,2016-10-14T00:00:00+00:00,2016-10-18T00:00:00+00:00,dlr ulr dsr usr,RIME,automatically detected as rime-affected (bav),https://github.com/GEUS-Glaciology-and-Climate/PROMICE-AWS-data-issues/issues/61
EGP,2016-10-22T00:00:00+00:00,2016-10-25T00:00:00+00:00,dlr ulr dsr usr,RIME,automatically detected as rime-affected (bav),https://github.com/GEUS-Glaciology-and-Climate/PROMICE-AWS-data-issues/issues/61
EGP,2016-11-04T00:00:00+00:00,2016-11-12T00:00:00+00:00,dlr ulr dsr usr,RIME,automatically detected as rime-affected (bav),https://github.com/GEUS-Glaciology-and-Climate/PROMICE-AWS-data-issues/issues/61
EGP,2016-11-18T00:00:00+00:00,2016-11-23T00:00:00+00:00,dlr ulr dsr usr,RIME,automatically detected as rime-affected (bav),https://github.com/GEUS-Glaciology-and-Climate/PROMICE-AWS-data-issues/issues/61
EGP,2016-11-26T00:00:00+00:00,2016-12-22T00:00:00+00:00,dlr ulr dsr usr,RIME,automatically detected as rime-affected (bav),https://github.com/GEUS-Glaciology-and-Climate/PROMICE-AWS-data-issues/issues/61
EGP,2016-12-25T00:00:00+00:00,2016-12-28T00:00:00+00:00,dlr ulr dsr usr,RIME,automatically detected as rime-affected (bav),https://github.com/GEUS-Glaciology-and-Climate/PROMICE-AWS-data-issues/issues/61
EGP,2017-01-05T00:00:00+00:00,2017-01-15T00:00:00+00:00,dlr ulr dsr usr,RIME,automatically detected as rime-affected (bav),https://github.com/GEUS-Glaciology-and-Climate/PROMICE-AWS-data-issues/issues/61
EGP,2017-01-20T00:00:00+00:00,2017-02-26T00:00:00+00:00,dlr ulr dsr usr,RIME,automatically detected as rime-affected (bav),https://github.com/GEUS-Glaciology-and-Climate/PROMICE-AWS-data-issues/issues/61
EGP,2017-09-12T00:00:00+00:00,2017-09-14T00:00:00+00:00,dlr ulr dsr usr,RIME,automatically detected as rime-affected (bav),https://github.com/GEUS-Glaciology-and-Climate/PROMICE-AWS-data-issues/issues/61
EGP,2017-09-21T00:00:00+00:00,2017-09-24T00:00:00+00:00,dlr ulr dsr usr,RIME,automatically detected as rime-affected (bav),https://github.com/GEUS-Glaciology-and-Climate/PROMICE-AWS-data-issues/issues/61
EGP,2017-10-10T00:00:00+00:00,2017-10-24T00:00:00+00:00,dlr ulr dsr usr,RIME,automatically detected as rime-affected (bav),https://github.com/GEUS-Glaciology-and-Climate/PROMICE-AWS-data-issues/issues/61
EGP,2017-10-27T00:00:00+00:00,2017-12-22T00:00:00+00:00,dlr ulr dsr usr,RIME,automatically detected as rime-affected (bav),https://github.com/GEUS-Glaciology-and-Climate/PROMICE-AWS-data-issues/issues/61
EGP,2017-12-27T00:00:00+00:00,2018-01-15T00:00:00+00:00,dlr ulr dsr usr,RIME,automatically detected as rime-affected (bav),https://github.com/GEUS-Glaciology-and-Climate/PROMICE-AWS-data-issues/issues/61
EGP,2018-01-20T00:00:00+00:00,2018-02-08T00:00:00+00:00,dlr ulr dsr usr,RIME,automatically detected as rime-affected (bav),https://github.com/GEUS-Glaciology-and-Climate/PROMICE-AWS-data-issues/issues/61
EGP,2018-02-13T00:00:00+00:00,2018-02-22T00:00:00+00:00,dlr ulr dsr usr,RIME,automatically detected as rime-affected (bav),https://github.com/GEUS-Glaciology-and-Climate/PROMICE-AWS-data-issues/issues/61
EGP,2018-09-11T00:00:00+00:00,2018-09-13T00:00:00+00:00,dlr ulr dsr usr,RIME,automatically detected as rime-affected (bav),https://github.com/GEUS-Glaciology-and-Climate/PROMICE-AWS-data-issues/issues/61
EGP,2018-10-05T00:00:00+00:00,2018-10-21T00:00:00+00:00,dlr ulr dsr usr,RIME,automatically detected as rime-affected (bav),https://github.com/GEUS-Glaciology-and-Climate/PROMICE-AWS-data-issues/issues/61
EGP,2018-10-24T00:00:00+00:00,2018-10-27T00:00:00+00:00,dlr ulr dsr usr,RIME,automatically detected as rime-affected (bav),https://github.com/GEUS-Glaciology-and-Climate/PROMICE-AWS-data-issues/issues/61
EGP,2018-10-30T00:00:00+00:00,2018-11-17T00:00:00+00:00,dlr ulr dsr usr,RIME,automatically detected as rime-affected (bav),https://github.com/GEUS-Glaciology-and-Climate/PROMICE-AWS-data-issues/issues/61
EGP,2018-11-24T00:00:00+00:00,2018-11-28T00:00:00+00:00,dlr ulr dsr usr,RIME,automatically detected as rime-affected (bav),https://github.com/GEUS-Glaciology-and-Climate/PROMICE-AWS-data-issues/issues/61
EGP,2018-12-03T00:00:00+00:00,2019-01-09T00:00:00+00:00,dlr ulr dsr usr,RIME,automatically detected as rime-affected (bav),https://github.com/GEUS-Glaciology-and-Climate/PROMICE-AWS-data-issues/issues/61
EGP,2019-01-22T00:00:00+00:00,2019-04-04T00:00:00+00:00,dlr ulr dsr usr,RIME,automatically detected as rime-affected (bav),https://github.com/GEUS-Glaciology-and-Climate/PROMICE-AWS-data-issues/issues/61
EGP,2019-10-11T00:00:00+00:00,2019-10-18T00:00:00+00:00,dlr ulr dsr usr,RIME,automatically detected as rime-affected (bav),https://github.com/GEUS-Glaciology-and-Climate/PROMICE-AWS-data-issues/issues/61
EGP,2019-10-28T00:00:00+00:00,2019-11-15T00:00:00+00:00,dlr ulr dsr usr,RIME,automatically detected as rime-affected (bav),https://github.com/GEUS-Glaciology-and-Climate/PROMICE-AWS-data-issues/issues/61
EGP,2019-11-19T00:00:00+00:00,2019-11-28T00:00:00+00:00,dlr ulr dsr usr,RIME,automatically detected as rime-affected (bav),https://github.com/GEUS-Glaciology-and-Climate/PROMICE-AWS-data-issues/issues/61
EGP,2019-12-01T00:00:00+00:00,2019-12-04T00:00:00+00:00,dlr ulr dsr usr,RIME,automatically detected as rime-affected (bav),https://github.com/GEUS-Glaciology-and-Climate/PROMICE-AWS-data-issues/issues/61
EGP,2019-12-07T00:00:00+00:00,2020-01-07T00:00:00+00:00,dlr ulr dsr usr,RIME,automatically detected as rime-affected (bav),https://github.com/GEUS-Glaciology-and-Climate/PROMICE-AWS-data-issues/issues/61
EGP,2020-01-11T00:00:00+00:00,2020-01-23T00:00:00+00:00,dlr ulr dsr usr,RIME,automatically detected as rime-affected (bav),https://github.com/GEUS-Glaciology-and-Climate/PROMICE-AWS-data-issues/issues/61
EGP,2020-01-31T00:00:00+00:00,2020-02-06T00:00:00+00:00,dlr ulr dsr usr,RIME,automatically detected as rime-affected (bav),https://github.com/GEUS-Glaciology-and-Climate/PROMICE-AWS-data-issues/issues/61
EGP,2020-02-13T00:00:00+00:00,2020-02-20T00:00:00+00:00,dlr ulr dsr usr,RIME,automatically detected as rime-affected (bav),https://github.com/GEUS-Glaciology-and-Climate/PROMICE-AWS-data-issues/issues/61
EGP,2020-02-25T00:00:00+00:00,2020-03-16T00:00:00+00:00,dlr ulr dsr usr,RIME,automatically detected as rime-affected (bav),https://github.com/GEUS-Glaciology-and-Climate/PROMICE-AWS-data-issues/issues/61
EGP,2020-03-20T00:00:00+00:00,2020-04-01T00:00:00+00:00,dlr ulr dsr usr,RIME,automatically detected as rime-affected (bav),https://github.com/GEUS-Glaciology-and-Climate/PROMICE-AWS-data-issues/issues/61
EGP,2020-09-13T00:00:00+00:00,2020-09-15T00:00:00+00:00,dlr ulr dsr usr,RIME,automatically detected as rime-affected (bav),https://github.com/GEUS-Glaciology-and-Climate/PROMICE-AWS-data-issues/issues/61
EGP,2020-10-03T00:00:00+00:00,2020-10-07T00:00:00+00:00,dlr ulr dsr usr,RIME,automatically detected as rime-affected (bav),https://github.com/GEUS-Glaciology-and-Climate/PROMICE-AWS-data-issues/issues/61
EGP,2020-10-14T00:00:00+00:00,2020-10-16T00:00:00+00:00,dlr ulr dsr usr,RIME,automatically detected as rime-affected (bav),https://github.com/GEUS-Glaciology-and-Climate/PROMICE-AWS-data-issues/issues/61
EGP,2020-10-19T00:00:00+00:00,2021-04-24T00:00:00+00:00,dlr ulr dsr usr,RIME,automatically detected as rime-affected (bav),https://github.com/GEUS-Glaciology-and-Climate/PROMICE-AWS-data-issues/issues/61
EGP,2021-09-21T00:00:00+00:00,2021-09-25T00:00:00+00:00,dlr ulr dsr usr,RIME,automatically detected as rime-affected (bav),https://github.com/GEUS-Glaciology-and-Climate/PROMICE-AWS-data-issues/issues/61
EGP,2021-11-07T00:00:00+00:00,2021-11-09T00:00:00+00:00,dlr ulr dsr usr,RIME,automatically detected as rime-affected (bav),https://github.com/GEUS-Glaciology-and-Climate/PROMICE-AWS-data-issues/issues/61
EGP,2021-11-14T00:00:00+00:00,2021-11-18T00:00:00+00:00,dlr ulr dsr usr,RIME,automatically detected as rime-affected (bav),https://github.com/GEUS-Glaciology-and-Climate/PROMICE-AWS-data-issues/issues/61
EGP,2021-12-08T00:00:00+00:00,2021-12-17T00:00:00+00:00,dlr ulr dsr usr,RIME,automatically detected as rime-affected (bav),https://github.com/GEUS-Glaciology-and-Climate/PROMICE-AWS-data-issues/issues/61
EGP,2021-12-22T00:00:00+00:00,2021-12-27T00:00:00+00:00,dlr ulr dsr usr,RIME,automatically detected as rime-affected (bav),https://github.com/GEUS-Glaciology-and-Climate/PROMICE-AWS-data-issues/issues/61
EGP,2022-01-05T00:00:00+00:00,2022-01-21T00:00:00+00:00,dlr ulr dsr usr,RIME,automatically detected as rime-affected (bav),https://github.com/GEUS-Glaciology-and-Climate/PROMICE-AWS-data-issues/issues/61
EGP,2022-02-28T00:00:00+00:00,2022-03-06T00:00:00+00:00,dlr ulr dsr usr,RIME,automatically detected as rime-affected (bav),https://github.com/GEUS-Glaciology-and-Climate/PROMICE-AWS-data-issues/issues/61
EGP,2022-09-09T00:00:00+00:00,2022-09-16T00:00:00+00:00,dlr ulr dsr usr,RIME,automatically detected as rime-affected (bav),https://github.com/GEUS-Glaciology-and-Climate/PROMICE-AWS-data-issues/issues/61
EGP,2022-09-29T00:00:00+00:00,2022-10-07T00:00:00+00:00,dlr ulr dsr usr,RIME,automatically detected as rime-affected (bav),https://github.com/GEUS-Glaciology-and-Climate/PROMICE-AWS-data-issues/issues/61
EGP,2022-10-10T00:00:00+00:00,2022-10-15T00:00:00+00:00,dlr ulr dsr usr,RIME,automatically detected as rime-affected (bav),https://github.com/GEUS-Glaciology-and-Climate/PROMICE-AWS-data-issues/issues/61
EGP,2022-10-28T00:00:00+00:00,2022-12-01T00:00:00+00:00,dlr ulr dsr usr,RIME,automatically detected as rime-affected (bav),https://github.com/GEUS-Glaciology-and-Climate/PROMICE-AWS-data-issues/issues/61
EGP,2022-12-17T00:00:00+00:00,2022-12-19T00:00:00+00:00,dlr ulr dsr usr,RIME,automatically detected as rime-affected (bav),https://github.com/GEUS-Glaciology-and-Climate/PROMICE-AWS-data-issues/issues/61
EGP,2023-01-08T00:00:00+00:00,2023-01-20T00:00:00+00:00,dlr ulr dsr usr,RIME,automatically detected as rime-affected (bav),https://github.com/GEUS-Glaciology-and-Climate/PROMICE-AWS-data-issues/issues/61
EGP,2023-02-13T00:00:00+00:00,2023-02-15T00:00:00+00:00,dlr ulr dsr usr,RIME,automatically detected as rime-affected (bav),https://github.com/GEUS-Glaciology-and-Climate/PROMICE-AWS-data-issues/issues/61
EGP,2023-02-20T00:00:00+00:00,2023-02-23T00:00:00+00:00,dlr ulr dsr usr,RIME,automatically detected as rime-affected (bav),https://github.com/GEUS-Glaciology-and-Climate/PROMICE-AWS-data-issues/issues/61
EGP,2023-10-22T00:00:00+00:00,2023-11-02T00:00:00+00:00,dlr ulr dsr usr,RIME,automatically detected as rime-affected (bav),https://github.com/GEUS-Glaciology-and-Climate/PROMICE-AWS-data-issues/issues/61
EGP,2023-11-07T00:00:00+00:00,2023-11-24T00:00:00+00:00,dlr ulr dsr usr,RIME,automatically detected as rime-affected (bav),https://github.com/GEUS-Glaciology-and-Climate/PROMICE-AWS-data-issues/issues/61
EGP,2023-11-29T00:00:00+00:00,2023-12-01T00:00:00+00:00,dlr ulr dsr usr,RIME,automatically detected as rime-affected (bav),https://github.com/GEUS-Glaciology-and-Climate/PROMICE-AWS-data-issues/issues/61
EGP,2023-12-04T00:00:00+00:00,2023-12-13T00:00:00+00:00,dlr ulr dsr usr,RIME,automatically detected as rime-affected (bav),https://github.com/GEUS-Glaciology-and-Climate/PROMICE-AWS-data-issues/issues/61
EGP,2023-12-24T00:00:00+00:00,2023-12-29T00:00:00+00:00,dlr ulr dsr usr,RIME,automatically detected as rime-affected (bav),https://github.com/GEUS-Glaciology-and-Climate/PROMICE-AWS-data-issues/issues/61
EGP,2024-01-02T00:00:00+00:00,2024-01-11T00:00:00+00:00,dlr ulr dsr usr,RIME,automatically detected as rime-affected (bav),https://github.com/GEUS-Glaciology-and-Climate/PROMICE-AWS-data-issues/issues/61
EGP,2024-01-14T00:00:00+00:00,2024-01-19T00:00:00+00:00,dlr ulr dsr usr,RIME,automatically detected as rime-affected (bav),https://github.com/GEUS-Glaciology-and-Climate/PROMICE-AWS-data-issues/issues/61
EGP,2024-02-06T00:00:00+00:00,2024-02-20T00:00:00+00:00,dlr ulr dsr usr,RIME,automatically detected as rime-affected (bav),https://github.com/GEUS-Glaciology-and-Climate/PROMICE-AWS-data-issues/issues/61
EGP,2024-10-13T00:00:00+00:00,2024-11-01T00:00:00+00:00,dlr ulr dsr usr,RIME,automatically detected as rime-affected (bav),https://github.com/GEUS-Glaciology-and-Climate/PROMICE-AWS-data-issues/issues/61
HUM,2022-10-04T00:00:00+00:00,2022-10-14T00:00:00+00:00,dlr ulr dsr usr,RIME,automatically detected as rime-affected (bav),https://github.com/GEUS-Glaciology-and-Climate/PROMICE-AWS-data-issues/issues/61
HUM,2022-11-02T00:00:00+00:00,2022-11-04T00:00:00+00:00,dlr ulr dsr usr,RIME,automatically detected as rime-affected (bav),https://github.com/GEUS-Glaciology-and-Climate/PROMICE-AWS-data-issues/issues/61
HUM,2023-09-29T00:00:00+00:00,2023-10-02T00:00:00+00:00,dlr ulr dsr usr,RIME,automatically detected as rime-affected (bav),https://github.com/GEUS-Glaciology-and-Climate/PROMICE-AWS-data-issues/issues/61
HUM,2023-12-23T00:00:00+00:00,2023-12-29T00:00:00+00:00,dlr ulr dsr usr,RIME,automatically detected as rime-affected (bav),https://github.com/GEUS-Glaciology-and-Climate/PROMICE-AWS-data-issues/issues/61
HUM,2024-01-05T00:00:00+00:00,2024-01-12T00:00:00+00:00,dlr ulr dsr usr,RIME,automatically detected as rime-affected (bav),https://github.com/GEUS-Glaciology-and-Climate/PROMICE-AWS-data-issues/issues/61
HUM,2024-01-16T00:00:00+00:00,2024-02-12T00:00:00+00:00,dlr ulr dsr usr,RIME,automatically detected as rime-affected (bav),https://github.com/GEUS-Glaciology-and-Climate/PROMICE-AWS-data-issues/issues/61
HUM,2024-02-15T00:00:00+00:00,2024-02-26T00:00:00+00:00,dlr ulr dsr usr,RIME,automatically detected as rime-affected (bav),https://github.com/GEUS-Glaciology-and-Climate/PROMICE-AWS-data-issues/issues/61
HUM,2024-02-29T00:00:00+00:00,2024-04-02T00:00:00+00:00,dlr ulr dsr usr,RIME,automatically detected as rime-affected (bav),https://github.com/GEUS-Glaciology-and-Climate/PROMICE-AWS-data-issues/issues/61
HUM,2024-09-17T00:00:00+00:00,2024-09-20T00:00:00+00:00,dlr ulr dsr usr,RIME,automatically detected as rime-affected (bav),https://github.com/GEUS-Glaciology-and-Climate/PROMICE-AWS-data-issues/issues/61
HUM,2024-09-26T00:00:00+00:00,2024-09-28T00:00:00+00:00,dlr ulr dsr usr,RIME,automatically detected as rime-affected (bav),https://github.com/GEUS-Glaciology-and-Climate/PROMICE-AWS-data-issues/issues/61
HUM,2024-10-21T00:00:00+00:00,2024-10-26T00:00:00+00:00,dlr ulr dsr usr,RIME,automatically detected as rime-affected (bav),https://github.com/GEUS-Glaciology-and-Climate/PROMICE-AWS-data-issues/issues/61
JAR,2022-11-06T00:00:00+00:00,2022-11-09T00:00:00+00:00,dlr ulr dsr usr,RIME,automatically detected as rime-affected (bav),https://github.com/GEUS-Glaciology-and-Climate/PROMICE-AWS-data-issues/issues/61
JAR_O,2024-01-18T00:00:00+00:00,2024-01-20T00:00:00+00:00,dlr ulr dsr usr,RIME,automatically detected as rime-affected (bav),https://github.com/GEUS-Glaciology-and-Climate/PROMICE-AWS-data-issues/issues/61
JAR_O,2024-05-02T00:00:00+00:00,2024-05-04T00:00:00+00:00,dlr ulr dsr usr,RIME,automatically detected as rime-affected (bav),https://github.com/GEUS-Glaciology-and-Climate/PROMICE-AWS-data-issues/issues/61
KAN_L,2008-11-09T00:00:00+00:00,2008-11-14T00:00:00+00:00,dlr ulr dsr usr,RIME,automatically detected as rime-affected (bav),https://github.com/GEUS-Glaciology-and-Climate/PROMICE-AWS-data-issues/issues/61
KAN_L,2008-12-15T00:00:00+00:00,2008-12-17T00:00:00+00:00,dlr ulr dsr usr,RIME,automatically detected as rime-affected (bav),https://github.com/GEUS-Glaciology-and-Climate/PROMICE-AWS-data-issues/issues/61
KAN_L,2008-12-21T00:00:00+00:00,2008-12-24T00:00:00+00:00,dlr ulr dsr usr,RIME,automatically detected as rime-affected (bav),https://github.com/GEUS-Glaciology-and-Climate/PROMICE-AWS-data-issues/issues/61
KAN_L,2009-10-03T00:00:00+00:00,2009-10-07T00:00:00+00:00,dlr ulr dsr usr,RIME,automatically detected as rime-affected (bav),https://github.com/GEUS-Glaciology-and-Climate/PROMICE-AWS-data-issues/issues/61
KAN_L,2009-10-31T00:00:00+00:00,2009-11-04T00:00:00+00:00,dlr ulr dsr usr,RIME,automatically detected as rime-affected (bav),https://github.com/GEUS-Glaciology-and-Climate/PROMICE-AWS-data-issues/issues/61
KAN_L,2009-11-18T00:00:00+00:00,2009-11-20T00:00:00+00:00,dlr ulr dsr usr,RIME,automatically detected as rime-affected (bav),https://github.com/GEUS-Glaciology-and-Climate/PROMICE-AWS-data-issues/issues/61
KAN_L,2009-11-27T00:00:00+00:00,2009-11-29T00:00:00+00:00,dlr ulr dsr usr,RIME,automatically detected as rime-affected (bav),https://github.com/GEUS-Glaciology-and-Climate/PROMICE-AWS-data-issues/issues/61
KAN_L,2010-01-15T00:00:00+00:00,2010-01-26T00:00:00+00:00,dlr ulr dsr usr,RIME,automatically detected as rime-affected (bav),https://github.com/GEUS-Glaciology-and-Climate/PROMICE-AWS-data-issues/issues/61
KAN_L,2010-02-12T00:00:00+00:00,2010-02-14T00:00:00+00:00,dlr ulr dsr usr,RIME,automatically detected as rime-affected (bav),https://github.com/GEUS-Glaciology-and-Climate/PROMICE-AWS-data-issues/issues/61
KAN_L,2011-02-14T00:00:00+00:00,2011-02-16T00:00:00+00:00,dlr ulr dsr usr,RIME,automatically detected as rime-affected (bav),https://github.com/GEUS-Glaciology-and-Climate/PROMICE-AWS-data-issues/issues/61
KAN_L,2011-03-14T00:00:00+00:00,2011-03-19T00:00:00+00:00,dlr ulr dsr usr,RIME,automatically detected as rime-affected (bav),https://github.com/GEUS-Glaciology-and-Climate/PROMICE-AWS-data-issues/issues/61
KAN_L,2011-11-11T00:00:00+00:00,2011-11-13T00:00:00+00:00,dlr ulr dsr usr,RIME,automatically detected as rime-affected (bav),https://github.com/GEUS-Glaciology-and-Climate/PROMICE-AWS-data-issues/issues/61
KAN_L,2011-11-26T00:00:00+00:00,2011-11-28T00:00:00+00:00,dlr ulr dsr usr,RIME,automatically detected as rime-affected (bav),https://github.com/GEUS-Glaciology-and-Climate/PROMICE-AWS-data-issues/issues/61
KAN_L,2012-03-07T00:00:00+00:00,2012-03-09T00:00:00+00:00,dlr ulr dsr usr,RIME,automatically detected as rime-affected (bav),https://github.com/GEUS-Glaciology-and-Climate/PROMICE-AWS-data-issues/issues/61
KAN_L,2012-03-13T00:00:00+00:00,2012-03-15T00:00:00+00:00,dlr ulr dsr usr,RIME,automatically detected as rime-affected (bav),https://github.com/GEUS-Glaciology-and-Climate/PROMICE-AWS-data-issues/issues/61
KAN_L,2012-03-18T00:00:00+00:00,2012-03-21T00:00:00+00:00,dlr ulr dsr usr,RIME,automatically detected as rime-affected (bav),https://github.com/GEUS-Glaciology-and-Climate/PROMICE-AWS-data-issues/issues/61
KAN_L,2013-01-10T00:00:00+00:00,2013-01-13T00:00:00+00:00,dlr ulr dsr usr,RIME,automatically detected as rime-affected (bav),https://github.com/GEUS-Glaciology-and-Climate/PROMICE-AWS-data-issues/issues/61
KAN_L,2013-12-09T00:00:00+00:00,2013-12-12T00:00:00+00:00,dlr ulr dsr usr,RIME,automatically detected as rime-affected (bav),https://github.com/GEUS-Glaciology-and-Climate/PROMICE-AWS-data-issues/issues/61
KAN_L,2014-01-25T00:00:00+00:00,2014-01-27T00:00:00+00:00,dlr ulr dsr usr,RIME,automatically detected as rime-affected (bav),https://github.com/GEUS-Glaciology-and-Climate/PROMICE-AWS-data-issues/issues/61
KAN_L,2014-02-16T00:00:00+00:00,2014-02-24T00:00:00+00:00,dlr ulr dsr usr,RIME,automatically detected as rime-affected (bav),https://github.com/GEUS-Glaciology-and-Climate/PROMICE-AWS-data-issues/issues/61
KAN_L,2014-10-25T00:00:00+00:00,2014-10-27T00:00:00+00:00,dlr ulr dsr usr,RIME,automatically detected as rime-affected (bav),https://github.com/GEUS-Glaciology-and-Climate/PROMICE-AWS-data-issues/issues/61
KAN_L,2014-12-16T00:00:00+00:00,2014-12-18T00:00:00+00:00,dlr ulr dsr usr,RIME,automatically detected as rime-affected (bav),https://github.com/GEUS-Glaciology-and-Climate/PROMICE-AWS-data-issues/issues/61
KAN_L,2015-01-22T00:00:00+00:00,2015-01-29T00:00:00+00:00,dlr ulr dsr usr,RIME,automatically detected as rime-affected (bav),https://github.com/GEUS-Glaciology-and-Climate/PROMICE-AWS-data-issues/issues/61
KAN_L,2015-03-06T00:00:00+00:00,2015-03-11T00:00:00+00:00,dlr ulr dsr usr,RIME,automatically detected as rime-affected (bav),https://github.com/GEUS-Glaciology-and-Climate/PROMICE-AWS-data-issues/issues/61
KAN_L,2015-10-27T00:00:00+00:00,2015-11-03T00:00:00+00:00,dlr ulr dsr usr,RIME,automatically detected as rime-affected (bav),https://github.com/GEUS-Glaciology-and-Climate/PROMICE-AWS-data-issues/issues/61
KAN_L,2015-12-09T00:00:00+00:00,2015-12-11T00:00:00+00:00,dlr ulr dsr usr,RIME,automatically detected as rime-affected (bav),https://github.com/GEUS-Glaciology-and-Climate/PROMICE-AWS-data-issues/issues/61
KAN_L,2015-12-29T00:00:00+00:00,2016-01-01T00:00:00+00:00,dlr ulr dsr usr,RIME,automatically detected as rime-affected (bav),https://github.com/GEUS-Glaciology-and-Climate/PROMICE-AWS-data-issues/issues/61
KAN_L,2016-11-27T00:00:00+00:00,2016-11-29T00:00:00+00:00,dlr ulr dsr usr,RIME,automatically detected as rime-affected (bav),https://github.com/GEUS-Glaciology-and-Climate/PROMICE-AWS-data-issues/issues/61
KAN_L,2017-01-24T00:00:00+00:00,2017-01-26T00:00:00+00:00,dlr ulr dsr usr,RIME,automatically detected as rime-affected (bav),https://github.com/GEUS-Glaciology-and-Climate/PROMICE-AWS-data-issues/issues/61
KAN_L,2017-10-19T00:00:00+00:00,2017-10-23T00:00:00+00:00,dlr ulr dsr usr,RIME,automatically detected as rime-affected (bav),https://github.com/GEUS-Glaciology-and-Climate/PROMICE-AWS-data-issues/issues/61
KAN_L,2018-01-26T00:00:00+00:00,2018-01-29T00:00:00+00:00,dlr ulr dsr usr,RIME,automatically detected as rime-affected (bav),https://github.com/GEUS-Glaciology-and-Climate/PROMICE-AWS-data-issues/issues/61
KAN_L,2018-02-17T00:00:00+00:00,2018-02-19T00:00:00+00:00,dlr ulr dsr usr,RIME,automatically detected as rime-affected (bav),https://github.com/GEUS-Glaciology-and-Climate/PROMICE-AWS-data-issues/issues/61
KAN_L,2018-03-05T00:00:00+00:00,2018-03-08T00:00:00+00:00,dlr ulr dsr usr,RIME,automatically detected as rime-affected (bav),https://github.com/GEUS-Glaciology-and-Climate/PROMICE-AWS-data-issues/issues/61
KAN_L,2018-12-17T00:00:00+00:00,2018-12-20T00:00:00+00:00,dlr ulr dsr usr,RIME,automatically detected as rime-affected (bav),https://github.com/GEUS-Glaciology-and-Climate/PROMICE-AWS-data-issues/issues/61
KAN_L,2019-01-20T00:00:00+00:00,2019-01-23T00:00:00+00:00,dlr ulr dsr usr,RIME,automatically detected as rime-affected (bav),https://github.com/GEUS-Glaciology-and-Climate/PROMICE-AWS-data-issues/issues/61
KAN_L,2019-02-07T00:00:00+00:00,2019-02-09T00:00:00+00:00,dlr ulr dsr usr,RIME,automatically detected as rime-affected (bav),https://github.com/GEUS-Glaciology-and-Climate/PROMICE-AWS-data-issues/issues/61
KAN_L,2020-01-26T00:00:00+00:00,2020-02-02T00:00:00+00:00,dlr ulr dsr usr,RIME,automatically detected as rime-affected (bav),https://github.com/GEUS-Glaciology-and-Climate/PROMICE-AWS-data-issues/issues/61
KAN_L,2020-02-07T00:00:00+00:00,2020-02-12T00:00:00+00:00,dlr ulr dsr usr,RIME,automatically detected as rime-affected (bav),https://github.com/GEUS-Glaciology-and-Climate/PROMICE-AWS-data-issues/issues/61
KAN_L,2020-11-09T00:00:00+00:00,2020-11-12T00:00:00+00:00,dlr ulr dsr usr,RIME,automatically detected as rime-affected (bav),https://github.com/GEUS-Glaciology-and-Climate/PROMICE-AWS-data-issues/issues/61
KAN_L,2021-02-19T00:00:00+00:00,2021-02-22T00:00:00+00:00,dlr ulr dsr usr,RIME,automatically detected as rime-affected (bav),https://github.com/GEUS-Glaciology-and-Climate/PROMICE-AWS-data-issues/issues/61
KAN_L,2022-01-07T00:00:00+00:00,2022-01-13T00:00:00+00:00,dlr ulr dsr usr,RIME,automatically detected as rime-affected (bav),https://github.com/GEUS-Glaciology-and-Climate/PROMICE-AWS-data-issues/issues/61
KAN_L,2022-01-17T00:00:00+00:00,2022-01-22T00:00:00+00:00,dlr ulr dsr usr,RIME,automatically detected as rime-affected (bav),https://github.com/GEUS-Glaciology-and-Climate/PROMICE-AWS-data-issues/issues/61
KAN_L,2022-02-16T00:00:00+00:00,2022-02-27T00:00:00+00:00,dlr ulr dsr usr,RIME,automatically detected as rime-affected (bav),https://github.com/GEUS-Glaciology-and-Climate/PROMICE-AWS-data-issues/issues/61
KAN_L,2022-10-06T00:00:00+00:00,2022-10-09T00:00:00+00:00,dlr ulr dsr usr,RIME,automatically detected as rime-affected (bav),https://github.com/GEUS-Glaciology-and-Climate/PROMICE-AWS-data-issues/issues/61
KAN_L,2022-11-16T00:00:00+00:00,2022-11-18T00:00:00+00:00,dlr ulr dsr usr,RIME,automatically detected as rime-affected (bav),https://github.com/GEUS-Glaciology-and-Climate/PROMICE-AWS-data-issues/issues/61
KAN_L,2022-12-15T00:00:00+00:00,2022-12-17T00:00:00+00:00,dlr ulr dsr usr,RIME,automatically detected as rime-affected (bav),https://github.com/GEUS-Glaciology-and-Climate/PROMICE-AWS-data-issues/issues/61
KAN_L,2023-02-11T00:00:00+00:00,2023-02-14T00:00:00+00:00,dlr ulr dsr usr,RIME,automatically detected as rime-affected (bav),https://github.com/GEUS-Glaciology-and-Climate/PROMICE-AWS-data-issues/issues/61
KAN_L,2023-12-13T00:00:00+00:00,2023-12-15T00:00:00+00:00,dlr ulr dsr usr,RIME,automatically detected as rime-affected (bav),https://github.com/GEUS-Glaciology-and-Climate/PROMICE-AWS-data-issues/issues/61
KAN_L,2024-01-18T00:00:00+00:00,2024-01-23T00:00:00+00:00,dlr ulr dsr usr,RIME,automatically detected as rime-affected (bav),https://github.com/GEUS-Glaciology-and-Climate/PROMICE-AWS-data-issues/issues/61
KAN_Lv3,2023-12-13T00:00:00+00:00,2023-12-15T00:00:00+00:00,dlr ulr dsr usr,RIME,automatically detected as rime-affected (bav),https://github.com/GEUS-Glaciology-and-Climate/PROMICE-AWS-data-issues/issues/61
KAN_Lv3,2024-01-08T00:00:00+00:00,2024-01-12T00:00:00+00:00,dlr ulr dsr usr,RIME,automatically detected as rime-affected (bav),https://github.com/GEUS-Glaciology-and-Climate/PROMICE-AWS-data-issues/issues/61
KAN_Lv3,2024-01-18T00:00:00+00:00,2024-01-23T00:00:00+00:00,dlr ulr dsr usr,RIME,automatically detected as rime-affected (bav),https://github.com/GEUS-Glaciology-and-Climate/PROMICE-AWS-data-issues/issues/61
KAN_M,2008-10-05T00:00:00+00:00,2008-10-07T00:00:00+00:00,dlr ulr dsr usr,RIME,automatically detected as rime-affected (bav),https://github.com/GEUS-Glaciology-and-Climate/PROMICE-AWS-data-issues/issues/61
KAN_M,2008-10-24T00:00:00+00:00,2008-10-26T00:00:00+00:00,dlr ulr dsr usr,RIME,automatically detected as rime-affected (bav),https://github.com/GEUS-Glaciology-and-Climate/PROMICE-AWS-data-issues/issues/61
KAN_M,2008-11-26T00:00:00+00:00,2008-11-28T00:00:00+00:00,dlr ulr dsr usr,RIME,automatically detected as rime-affected (bav),https://github.com/GEUS-Glaciology-and-Climate/PROMICE-AWS-data-issues/issues/61
KAN_M,2009-04-15T00:00:00+00:00,2009-04-18T00:00:00+00:00,dlr ulr dsr usr,RIME,automatically detected as rime-affected (bav),https://github.com/GEUS-Glaciology-and-Climate/PROMICE-AWS-data-issues/issues/61
KAN_M,2009-11-10T00:00:00+00:00,2009-11-15T00:00:00+00:00,dlr ulr dsr usr,RIME,automatically detected as rime-affected (bav),https://github.com/GEUS-Glaciology-and-Climate/PROMICE-AWS-data-issues/issues/61
KAN_M,2010-10-27T00:00:00+00:00,2010-10-29T00:00:00+00:00,dlr ulr dsr usr,RIME,automatically detected as rime-affected (bav),https://github.com/GEUS-Glaciology-and-Climate/PROMICE-AWS-data-issues/issues/61
KAN_M,2011-10-12T00:00:00+00:00,2011-10-16T00:00:00+00:00,dlr ulr dsr usr,RIME,automatically detected as rime-affected (bav),https://github.com/GEUS-Glaciology-and-Climate/PROMICE-AWS-data-issues/issues/61
KAN_M,2011-11-11T00:00:00+00:00,2011-11-13T00:00:00+00:00,dlr ulr dsr usr,RIME,automatically detected as rime-affected (bav),https://github.com/GEUS-Glaciology-and-Climate/PROMICE-AWS-data-issues/issues/61
KAN_M,2011-11-26T00:00:00+00:00,2011-11-29T00:00:00+00:00,dlr ulr dsr usr,RIME,automatically detected as rime-affected (bav),https://github.com/GEUS-Glaciology-and-Climate/PROMICE-AWS-data-issues/issues/61
KAN_M,2011-12-03T00:00:00+00:00,2011-12-08T00:00:00+00:00,dlr ulr dsr usr,RIME,automatically detected as rime-affected (bav),https://github.com/GEUS-Glaciology-and-Climate/PROMICE-AWS-data-issues/issues/61
KAN_M,2012-10-30T00:00:00+00:00,2012-11-02T00:00:00+00:00,dlr ulr dsr usr,RIME,automatically detected as rime-affected (bav),https://github.com/GEUS-Glaciology-and-Climate/PROMICE-AWS-data-issues/issues/61
KAN_M,2012-11-07T00:00:00+00:00,2012-11-10T00:00:00+00:00,dlr ulr dsr usr,RIME,automatically detected as rime-affected (bav),https://github.com/GEUS-Glaciology-and-Climate/PROMICE-AWS-data-issues/issues/61
KAN_M,2013-11-05T00:00:00+00:00,2013-11-08T00:00:00+00:00,dlr ulr dsr usr,RIME,automatically detected as rime-affected (bav),https://github.com/GEUS-Glaciology-and-Climate/PROMICE-AWS-data-issues/issues/61
KAN_M,2014-10-25T00:00:00+00:00,2014-10-27T00:00:00+00:00,dlr ulr dsr usr,RIME,automatically detected as rime-affected (bav),https://github.com/GEUS-Glaciology-and-Climate/PROMICE-AWS-data-issues/issues/61
KAN_M,2014-11-29T00:00:00+00:00,2014-12-04T00:00:00+00:00,dlr ulr dsr usr,RIME,automatically detected as rime-affected (bav),https://github.com/GEUS-Glaciology-and-Climate/PROMICE-AWS-data-issues/issues/61
KAN_M,2014-12-10T00:00:00+00:00,2014-12-12T00:00:00+00:00,dlr ulr dsr usr,RIME,automatically detected as rime-affected (bav),https://github.com/GEUS-Glaciology-and-Climate/PROMICE-AWS-data-issues/issues/61
KAN_M,2014-12-21T00:00:00+00:00,2014-12-23T00:00:00+00:00,dlr ulr dsr usr,RIME,automatically detected as rime-affected (bav),https://github.com/GEUS-Glaciology-and-Climate/PROMICE-AWS-data-issues/issues/61
KAN_M,2015-12-29T00:00:00+00:00,2016-01-02T00:00:00+00:00,dlr ulr dsr usr,RIME,automatically detected as rime-affected (bav),https://github.com/GEUS-Glaciology-and-Climate/PROMICE-AWS-data-issues/issues/61
KAN_M,2016-09-07T00:00:00+00:00,2016-09-10T00:00:00+00:00,dlr ulr dsr usr,RIME,automatically detected as rime-affected (bav),https://github.com/GEUS-Glaciology-and-Climate/PROMICE-AWS-data-issues/issues/61
KAN_M,2016-10-17T00:00:00+00:00,2016-10-24T00:00:00+00:00,dlr ulr dsr usr,RIME,automatically detected as rime-affected (bav),https://github.com/GEUS-Glaciology-and-Climate/PROMICE-AWS-data-issues/issues/61
KAN_M,2016-10-27T00:00:00+00:00,2016-10-30T00:00:00+00:00,dlr ulr dsr usr,RIME,automatically detected as rime-affected (bav),https://github.com/GEUS-Glaciology-and-Climate/PROMICE-AWS-data-issues/issues/61
KAN_M,2016-11-22T00:00:00+00:00,2016-11-25T00:00:00+00:00,dlr ulr dsr usr,RIME,automatically detected as rime-affected (bav),https://github.com/GEUS-Glaciology-and-Climate/PROMICE-AWS-data-issues/issues/61
KAN_M,2016-12-25T00:00:00+00:00,2016-12-27T00:00:00+00:00,dlr ulr dsr usr,RIME,automatically detected as rime-affected (bav),https://github.com/GEUS-Glaciology-and-Climate/PROMICE-AWS-data-issues/issues/61
KAN_M,2017-03-07T00:00:00+00:00,2017-03-09T00:00:00+00:00,dlr ulr dsr usr,RIME,automatically detected as rime-affected (bav),https://github.com/GEUS-Glaciology-and-Climate/PROMICE-AWS-data-issues/issues/61
KAN_M,2017-12-31T00:00:00+00:00,2018-01-03T00:00:00+00:00,dlr ulr dsr usr,RIME,automatically detected as rime-affected (bav),https://github.com/GEUS-Glaciology-and-Climate/PROMICE-AWS-data-issues/issues/61
KAN_M,2018-03-05T00:00:00+00:00,2018-03-08T00:00:00+00:00,dlr ulr dsr usr,RIME,automatically detected as rime-affected (bav),https://github.com/GEUS-Glaciology-and-Climate/PROMICE-AWS-data-issues/issues/61
KAN_M,2018-10-13T00:00:00+00:00,2018-10-15T00:00:00+00:00,dlr ulr dsr usr,RIME,automatically detected as rime-affected (bav),https://github.com/GEUS-Glaciology-and-Climate/PROMICE-AWS-data-issues/issues/61
KAN_M,2018-10-29T00:00:00+00:00,2018-10-31T00:00:00+00:00,dlr ulr dsr usr,RIME,automatically detected as rime-affected (bav),https://github.com/GEUS-Glaciology-and-Climate/PROMICE-AWS-data-issues/issues/61
KAN_M,2018-11-10T00:00:00+00:00,2018-11-12T00:00:00+00:00,dlr ulr dsr usr,RIME,automatically detected as rime-affected (bav),https://github.com/GEUS-Glaciology-and-Climate/PROMICE-AWS-data-issues/issues/61
KAN_M,2018-11-30T00:00:00+00:00,2018-12-03T00:00:00+00:00,dlr ulr dsr usr,RIME,automatically detected as rime-affected (bav),https://github.com/GEUS-Glaciology-and-Climate/PROMICE-AWS-data-issues/issues/61
KAN_M,2018-12-08T00:00:00+00:00,2018-12-10T00:00:00+00:00,dlr ulr dsr usr,RIME,automatically detected as rime-affected (bav),https://github.com/GEUS-Glaciology-and-Climate/PROMICE-AWS-data-issues/issues/61
KAN_M,2019-01-10T00:00:00+00:00,2019-01-16T00:00:00+00:00,dlr ulr dsr usr,RIME,automatically detected as rime-affected (bav),https://github.com/GEUS-Glaciology-and-Climate/PROMICE-AWS-data-issues/issues/61
KAN_M,2019-12-04T00:00:00+00:00,2019-12-06T00:00:00+00:00,dlr ulr dsr usr,RIME,automatically detected as rime-affected (bav),https://github.com/GEUS-Glaciology-and-Climate/PROMICE-AWS-data-issues/issues/61
KAN_M,2019-12-09T00:00:00+00:00,2019-12-16T00:00:00+00:00,dlr ulr dsr usr,RIME,automatically detected as rime-affected (bav),https://github.com/GEUS-Glaciology-and-Climate/PROMICE-AWS-data-issues/issues/61
KAN_M,2020-11-06T00:00:00+00:00,2020-11-09T00:00:00+00:00,dlr ulr dsr usr,RIME,automatically detected as rime-affected (bav),https://github.com/GEUS-Glaciology-and-Climate/PROMICE-AWS-data-issues/issues/61
KAN_M,2020-12-02T00:00:00+00:00,2020-12-04T00:00:00+00:00,dlr ulr dsr usr,RIME,automatically detected as rime-affected (bav),https://github.com/GEUS-Glaciology-and-Climate/PROMICE-AWS-data-issues/issues/61
KAN_M,2021-02-14T00:00:00+00:00,2021-02-17T00:00:00+00:00,dlr ulr dsr usr,RIME,automatically detected as rime-affected (bav),https://github.com/GEUS-Glaciology-and-Climate/PROMICE-AWS-data-issues/issues/61
KAN_M,2021-11-16T00:00:00+00:00,2021-11-24T00:00:00+00:00,dlr ulr dsr usr,RIME,automatically detected as rime-affected (bav),https://github.com/GEUS-Glaciology-and-Climate/PROMICE-AWS-data-issues/issues/61
KAN_M,2021-11-29T00:00:00+00:00,2021-12-08T00:00:00+00:00,dlr ulr dsr usr,RIME,automatically detected as rime-affected (bav),https://github.com/GEUS-Glaciology-and-Climate/PROMICE-AWS-data-issues/issues/61
KAN_M,2022-01-12T00:00:00+00:00,2022-01-17T00:00:00+00:00,dlr ulr dsr usr,RIME,automatically detected as rime-affected (bav),https://github.com/GEUS-Glaciology-and-Climate/PROMICE-AWS-data-issues/issues/61
KAN_M,2022-11-16T00:00:00+00:00,2022-11-18T00:00:00+00:00,dlr ulr dsr usr,RIME,automatically detected as rime-affected (bav),https://github.com/GEUS-Glaciology-and-Climate/PROMICE-AWS-data-issues/issues/61
KAN_M,2023-01-19T00:00:00+00:00,2023-01-22T00:00:00+00:00,dlr ulr dsr usr,RIME,automatically detected as rime-affected (bav),https://github.com/GEUS-Glaciology-and-Climate/PROMICE-AWS-data-issues/issues/61
KAN_M,2023-12-14T00:00:00+00:00,2023-12-17T00:00:00+00:00,dlr ulr dsr usr,RIME,automatically detected as rime-affected (bav),https://github.com/GEUS-Glaciology-and-Climate/PROMICE-AWS-data-issues/issues/61
KAN_M,2024-01-16T00:00:00+00:00,2024-02-07T00:00:00+00:00,dlr ulr dsr usr,RIME,automatically detected as rime-affected (bav),https://github.com/GEUS-Glaciology-and-Climate/PROMICE-AWS-data-issues/issues/61
KAN_U,2009-10-03T00:00:00+00:00,2009-10-07T00:00:00+00:00,dlr ulr dsr usr,RIME,automatically detected as rime-affected (bav),https://github.com/GEUS-Glaciology-and-Climate/PROMICE-AWS-data-issues/issues/61
KAN_U,2009-11-25T00:00:00+00:00,2009-11-28T00:00:00+00:00,dlr ulr dsr usr,RIME,automatically detected as rime-affected (bav),https://github.com/GEUS-Glaciology-and-Climate/PROMICE-AWS-data-issues/issues/61
KAN_U,2011-10-20T00:00:00+00:00,2011-10-23T00:00:00+00:00,dlr ulr dsr usr,RIME,automatically detected as rime-affected (bav),https://github.com/GEUS-Glaciology-and-Climate/PROMICE-AWS-data-issues/issues/61
KAN_U,2012-01-29T00:00:00+00:00,2012-01-31T00:00:00+00:00,dlr ulr dsr usr,RIME,automatically detected as rime-affected (bav),https://github.com/GEUS-Glaciology-and-Climate/PROMICE-AWS-data-issues/issues/61
KAN_U,2012-11-07T00:00:00+00:00,2012-11-11T00:00:00+00:00,dlr ulr dsr usr,RIME,automatically detected as rime-affected (bav),https://github.com/GEUS-Glaciology-and-Climate/PROMICE-AWS-data-issues/issues/61
KAN_U,2012-12-17T00:00:00+00:00,2012-12-19T00:00:00+00:00,dlr ulr dsr usr,RIME,automatically detected as rime-affected (bav),https://github.com/GEUS-Glaciology-and-Climate/PROMICE-AWS-data-issues/issues/61
KAN_U,2012-12-29T00:00:00+00:00,2013-01-01T00:00:00+00:00,dlr ulr dsr usr,RIME,automatically detected as rime-affected (bav),https://github.com/GEUS-Glaciology-and-Climate/PROMICE-AWS-data-issues/issues/61
KAN_U,2013-12-03T00:00:00+00:00,2013-12-06T00:00:00+00:00,dlr ulr dsr usr,RIME,automatically detected as rime-affected (bav),https://github.com/GEUS-Glaciology-and-Climate/PROMICE-AWS-data-issues/issues/61
KAN_U,2013-12-18T00:00:00+00:00,2013-12-22T00:00:00+00:00,dlr ulr dsr usr,RIME,automatically detected as rime-affected (bav),https://github.com/GEUS-Glaciology-and-Climate/PROMICE-AWS-data-issues/issues/61
KAN_U,2013-12-25T00:00:00+00:00,2013-12-27T00:00:00+00:00,dlr ulr dsr usr,RIME,automatically detected as rime-affected (bav),https://github.com/GEUS-Glaciology-and-Climate/PROMICE-AWS-data-issues/issues/61
KAN_U,2014-01-04T00:00:00+00:00,2014-01-06T00:00:00+00:00,dlr ulr dsr usr,RIME,automatically detected as rime-affected (bav),https://github.com/GEUS-Glaciology-and-Climate/PROMICE-AWS-data-issues/issues/61
KAN_U,2014-10-25T00:00:00+00:00,2014-10-27T00:00:00+00:00,dlr ulr dsr usr,RIME,automatically detected as rime-affected (bav),https://github.com/GEUS-Glaciology-and-Climate/PROMICE-AWS-data-issues/issues/61
KAN_U,2014-11-28T00:00:00+00:00,2014-12-05T00:00:00+00:00,dlr ulr dsr usr,RIME,automatically detected as rime-affected (bav),https://github.com/GEUS-Glaciology-and-Climate/PROMICE-AWS-data-issues/issues/61
KAN_U,2014-12-08T00:00:00+00:00,2014-12-12T00:00:00+00:00,dlr ulr dsr usr,RIME,automatically detected as rime-affected (bav),https://github.com/GEUS-Glaciology-and-Climate/PROMICE-AWS-data-issues/issues/61
KAN_U,2014-12-17T00:00:00+00:00,2014-12-20T00:00:00+00:00,dlr ulr dsr usr,RIME,automatically detected as rime-affected (bav),https://github.com/GEUS-Glaciology-and-Climate/PROMICE-AWS-data-issues/issues/61
KAN_U,2015-01-06T00:00:00+00:00,2015-01-11T00:00:00+00:00,dlr ulr dsr usr,RIME,automatically detected as rime-affected (bav),https://github.com/GEUS-Glaciology-and-Climate/PROMICE-AWS-data-issues/issues/61
KAN_U,2015-01-25T00:00:00+00:00,2015-01-27T00:00:00+00:00,dlr ulr dsr usr,RIME,automatically detected as rime-affected (bav),https://github.com/GEUS-Glaciology-and-Climate/PROMICE-AWS-data-issues/issues/61
KAN_U,2015-02-11T00:00:00+00:00,2015-02-13T00:00:00+00:00,dlr ulr dsr usr,RIME,automatically detected as rime-affected (bav),https://github.com/GEUS-Glaciology-and-Climate/PROMICE-AWS-data-issues/issues/61
KAN_U,2016-01-24T00:00:00+00:00,2016-01-26T00:00:00+00:00,dlr ulr dsr usr,RIME,automatically detected as rime-affected (bav),https://github.com/GEUS-Glaciology-and-Climate/PROMICE-AWS-data-issues/issues/61
KAN_U,2016-10-26T00:00:00+00:00,2016-10-31T00:00:00+00:00,dlr ulr dsr usr,RIME,automatically detected as rime-affected (bav),https://github.com/GEUS-Glaciology-and-Climate/PROMICE-AWS-data-issues/issues/61
KAN_U,2016-11-15T00:00:00+00:00,2016-11-18T00:00:00+00:00,dlr ulr dsr usr,RIME,automatically detected as rime-affected (bav),https://github.com/GEUS-Glaciology-and-Climate/PROMICE-AWS-data-issues/issues/61
KAN_U,2017-09-18T00:00:00+00:00,2017-09-20T00:00:00+00:00,dlr ulr dsr usr,RIME,automatically detected as rime-affected (bav),https://github.com/GEUS-Glaciology-and-Climate/PROMICE-AWS-data-issues/issues/61
KAN_U,2017-11-14T00:00:00+00:00,2017-11-20T00:00:00+00:00,dlr ulr dsr usr,RIME,automatically detected as rime-affected (bav),https://github.com/GEUS-Glaciology-and-Climate/PROMICE-AWS-data-issues/issues/61
KAN_U,2017-12-13T00:00:00+00:00,2017-12-15T00:00:00+00:00,dlr ulr dsr usr,RIME,automatically detected as rime-affected (bav),https://github.com/GEUS-Glaciology-and-Climate/PROMICE-AWS-data-issues/issues/61
KAN_U,2018-03-06T00:00:00+00:00,2018-03-11T00:00:00+00:00,dlr ulr dsr usr,RIME,automatically detected as rime-affected (bav),https://github.com/GEUS-Glaciology-and-Climate/PROMICE-AWS-data-issues/issues/61
KAN_U,2019-12-04T00:00:00+00:00,2019-12-06T00:00:00+00:00,dlr ulr dsr usr,RIME,automatically detected as rime-affected (bav),https://github.com/GEUS-Glaciology-and-Climate/PROMICE-AWS-data-issues/issues/61
KAN_U,2019-12-09T00:00:00+00:00,2019-12-12T00:00:00+00:00,dlr ulr dsr usr,RIME,automatically detected as rime-affected (bav),https://github.com/GEUS-Glaciology-and-Climate/PROMICE-AWS-data-issues/issues/61
KAN_U,2020-09-28T00:00:00+00:00,2020-09-30T00:00:00+00:00,dlr ulr dsr usr,RIME,automatically detected as rime-affected (bav),https://github.com/GEUS-Glaciology-and-Climate/PROMICE-AWS-data-issues/issues/61
KAN_U,2020-10-22T00:00:00+00:00,2020-10-25T00:00:00+00:00,dlr ulr dsr usr,RIME,automatically detected as rime-affected (bav),https://github.com/GEUS-Glaciology-and-Climate/PROMICE-AWS-data-issues/issues/61
KAN_U,2021-10-22T00:00:00+00:00,2021-10-25T00:00:00+00:00,dlr ulr dsr usr,RIME,automatically detected as rime-affected (bav),https://github.com/GEUS-Glaciology-and-Climate/PROMICE-AWS-data-issues/issues/61
KAN_U,2021-11-16T00:00:00+00:00,2021-11-24T00:00:00+00:00,dlr ulr dsr usr,RIME,automatically detected as rime-affected (bav),https://github.com/GEUS-Glaciology-and-Climate/PROMICE-AWS-data-issues/issues/61
KAN_U,2022-02-05T00:00:00+00:00,2022-02-07T00:00:00+00:00,dlr ulr dsr usr,RIME,automatically detected as rime-affected (bav),https://github.com/GEUS-Glaciology-and-Climate/PROMICE-AWS-data-issues/issues/61
KAN_U,2022-10-12T00:00:00+00:00,2022-10-14T00:00:00+00:00,dlr ulr dsr usr,RIME,automatically detected as rime-affected (bav),https://github.com/GEUS-Glaciology-and-Climate/PROMICE-AWS-data-issues/issues/61
KAN_U,2024-01-25T00:00:00+00:00,2024-02-01T00:00:00+00:00,dlr ulr dsr usr,RIME,automatically detected as rime-affected (bav),https://github.com/GEUS-Glaciology-and-Climate/PROMICE-AWS-data-issues/issues/61
KAN_U,2024-02-11T00:00:00+00:00,2024-02-15T00:00:00+00:00,dlr ulr dsr usr,RIME,automatically detected as rime-affected (bav),https://github.com/GEUS-Glaciology-and-Climate/PROMICE-AWS-data-issues/issues/61
KAN_U,2024-09-15T00:00:00+00:00,2024-09-18T00:00:00+00:00,dlr ulr dsr usr,RIME,automatically detected as rime-affected (bav),https://github.com/GEUS-Glaciology-and-Climate/PROMICE-AWS-data-issues/issues/61
KPC_L,2008-10-10T00:00:00+00:00,2008-10-13T00:00:00+00:00,dlr ulr dsr usr,RIME,automatically detected as rime-affected (bav),https://github.com/GEUS-Glaciology-and-Climate/PROMICE-AWS-data-issues/issues/61
KPC_L,2009-01-21T00:00:00+00:00,2009-01-27T00:00:00+00:00,dlr ulr dsr usr,RIME,automatically detected as rime-affected (bav),https://github.com/GEUS-Glaciology-and-Climate/PROMICE-AWS-data-issues/issues/61
KPC_L,2009-02-15T00:00:00+00:00,2009-02-17T00:00:00+00:00,dlr ulr dsr usr,RIME,automatically detected as rime-affected (bav),https://github.com/GEUS-Glaciology-and-Climate/PROMICE-AWS-data-issues/issues/61
KPC_L,2009-10-31T00:00:00+00:00,2009-11-02T00:00:00+00:00,dlr ulr dsr usr,RIME,automatically detected as rime-affected (bav),https://github.com/GEUS-Glaciology-and-Climate/PROMICE-AWS-data-issues/issues/61
KPC_L,2009-12-10T00:00:00+00:00,2009-12-14T00:00:00+00:00,dlr ulr dsr usr,RIME,automatically detected as rime-affected (bav),https://github.com/GEUS-Glaciology-and-Climate/PROMICE-AWS-data-issues/issues/61
KPC_L,2012-11-27T00:00:00+00:00,2012-11-30T00:00:00+00:00,dlr ulr dsr usr,RIME,automatically detected as rime-affected (bav),https://github.com/GEUS-Glaciology-and-Climate/PROMICE-AWS-data-issues/issues/61
KPC_L,2013-01-05T00:00:00+00:00,2013-01-07T00:00:00+00:00,dlr ulr dsr usr,RIME,automatically detected as rime-affected (bav),https://github.com/GEUS-Glaciology-and-Climate/PROMICE-AWS-data-issues/issues/61
KPC_L,2013-12-18T00:00:00+00:00,2013-12-23T00:00:00+00:00,dlr ulr dsr usr,RIME,automatically detected as rime-affected (bav),https://github.com/GEUS-Glaciology-and-Climate/PROMICE-AWS-data-issues/issues/61
KPC_L,2014-01-22T00:00:00+00:00,2014-01-27T00:00:00+00:00,dlr ulr dsr usr,RIME,automatically detected as rime-affected (bav),https://github.com/GEUS-Glaciology-and-Climate/PROMICE-AWS-data-issues/issues/61
KPC_L,2014-02-08T00:00:00+00:00,2014-02-10T00:00:00+00:00,dlr ulr dsr usr,RIME,automatically detected as rime-affected (bav),https://github.com/GEUS-Glaciology-and-Climate/PROMICE-AWS-data-issues/issues/61
KPC_L,2014-10-13T00:00:00+00:00,2014-10-16T00:00:00+00:00,dlr ulr dsr usr,RIME,automatically detected as rime-affected (bav),https://github.com/GEUS-Glaciology-and-Climate/PROMICE-AWS-data-issues/issues/61
KPC_L,2016-01-24T00:00:00+00:00,2016-01-27T00:00:00+00:00,dlr ulr dsr usr,RIME,automatically detected as rime-affected (bav),https://github.com/GEUS-Glaciology-and-Climate/PROMICE-AWS-data-issues/issues/61
KPC_L,2017-12-16T00:00:00+00:00,2017-12-20T00:00:00+00:00,dlr ulr dsr usr,RIME,automatically detected as rime-affected (bav),https://github.com/GEUS-Glaciology-and-Climate/PROMICE-AWS-data-issues/issues/61
KPC_L,2018-01-12T00:00:00+00:00,2018-01-16T00:00:00+00:00,dlr ulr dsr usr,RIME,automatically detected as rime-affected (bav),https://github.com/GEUS-Glaciology-and-Climate/PROMICE-AWS-data-issues/issues/61
KPC_L,2018-03-21T00:00:00+00:00,2018-03-23T00:00:00+00:00,dlr ulr dsr usr,RIME,automatically detected as rime-affected (bav),https://github.com/GEUS-Glaciology-and-Climate/PROMICE-AWS-data-issues/issues/61
KPC_L,2019-11-12T00:00:00+00:00,2019-11-14T00:00:00+00:00,dlr ulr dsr usr,RIME,automatically detected as rime-affected (bav),https://github.com/GEUS-Glaciology-and-Climate/PROMICE-AWS-data-issues/issues/61
KPC_L,2020-10-20T00:00:00+00:00,2020-10-22T00:00:00+00:00,dlr ulr dsr usr,RIME,automatically detected as rime-affected (bav),https://github.com/GEUS-Glaciology-and-Climate/PROMICE-AWS-data-issues/issues/61
KPC_L,2020-12-18T00:00:00+00:00,2020-12-22T00:00:00+00:00,dlr ulr dsr usr,RIME,automatically detected as rime-affected (bav),https://github.com/GEUS-Glaciology-and-Climate/PROMICE-AWS-data-issues/issues/61
KPC_L,2021-02-16T00:00:00+00:00,2021-02-18T00:00:00+00:00,dlr ulr dsr usr,RIME,automatically detected as rime-affected (bav),https://github.com/GEUS-Glaciology-and-Climate/PROMICE-AWS-data-issues/issues/61
KPC_L,2021-11-19T00:00:00+00:00,2021-11-21T00:00:00+00:00,dlr ulr dsr usr,RIME,automatically detected as rime-affected (bav),https://github.com/GEUS-Glaciology-and-Climate/PROMICE-AWS-data-issues/issues/61
KPC_L,2021-12-24T00:00:00+00:00,2021-12-27T00:00:00+00:00,dlr ulr dsr usr,RIME,automatically detected as rime-affected (bav),https://github.com/GEUS-Glaciology-and-Climate/PROMICE-AWS-data-issues/issues/61
KPC_L,2022-09-16T00:00:00+00:00,2022-09-18T00:00:00+00:00,dlr ulr dsr usr,RIME,automatically detected as rime-affected (bav),https://github.com/GEUS-Glaciology-and-Climate/PROMICE-AWS-data-issues/issues/61
KPC_U,2008-10-10T00:00:00+00:00,2008-10-15T00:00:00+00:00,dlr ulr dsr usr,RIME,automatically detected as rime-affected (bav),https://github.com/GEUS-Glaciology-and-Climate/PROMICE-AWS-data-issues/issues/61
KPC_U,2008-12-10T00:00:00+00:00,2008-12-12T00:00:00+00:00,dlr ulr dsr usr,RIME,automatically detected as rime-affected (bav),https://github.com/GEUS-Glaciology-and-Climate/PROMICE-AWS-data-issues/issues/61
KPC_U,2008-12-18T00:00:00+00:00,2008-12-21T00:00:00+00:00,dlr ulr dsr usr,RIME,automatically detected as rime-affected (bav),https://github.com/GEUS-Glaciology-and-Climate/PROMICE-AWS-data-issues/issues/61
KPC_U,2009-01-21T00:00:00+00:00,2009-01-28T00:00:00+00:00,dlr ulr dsr usr,RIME,automatically detected as rime-affected (bav),https://github.com/GEUS-Glaciology-and-Climate/PROMICE-AWS-data-issues/issues/61
KPC_U,2009-01-31T00:00:00+00:00,2009-03-01T00:00:00+00:00,dlr ulr dsr usr,RIME,automatically detected as rime-affected (bav),https://github.com/GEUS-Glaciology-and-Climate/PROMICE-AWS-data-issues/issues/61
KPC_U,2009-03-04T00:00:00+00:00,2009-03-10T00:00:00+00:00,dlr ulr dsr usr,RIME,automatically detected as rime-affected (bav),https://github.com/GEUS-Glaciology-and-Climate/PROMICE-AWS-data-issues/issues/61
KPC_U,2009-09-17T00:00:00+00:00,2009-09-20T00:00:00+00:00,dlr ulr dsr usr,RIME,automatically detected as rime-affected (bav),https://github.com/GEUS-Glaciology-and-Climate/PROMICE-AWS-data-issues/issues/61
KPC_U,2009-10-11T00:00:00+00:00,2009-10-14T00:00:00+00:00,dlr ulr dsr usr,RIME,automatically detected as rime-affected (bav),https://github.com/GEUS-Glaciology-and-Climate/PROMICE-AWS-data-issues/issues/61
KPC_U,2009-12-01T00:00:00+00:00,2009-12-04T00:00:00+00:00,dlr ulr dsr usr,RIME,automatically detected as rime-affected (bav),https://github.com/GEUS-Glaciology-and-Climate/PROMICE-AWS-data-issues/issues/61
KPC_U,2009-12-07T00:00:00+00:00,2009-12-09T00:00:00+00:00,dlr ulr dsr usr,RIME,automatically detected as rime-affected (bav),https://github.com/GEUS-Glaciology-and-Climate/PROMICE-AWS-data-issues/issues/61
KPC_U,2009-12-24T00:00:00+00:00,2009-12-26T00:00:00+00:00,dlr ulr dsr usr,RIME,automatically detected as rime-affected (bav),https://github.com/GEUS-Glaciology-and-Climate/PROMICE-AWS-data-issues/issues/61
KPC_U,2010-02-09T00:00:00+00:00,2010-02-13T00:00:00+00:00,dlr ulr dsr usr,RIME,automatically detected as rime-affected (bav),https://github.com/GEUS-Glaciology-and-Climate/PROMICE-AWS-data-issues/issues/61
KPC_U,2010-02-21T00:00:00+00:00,2010-03-06T00:00:00+00:00,dlr ulr dsr usr,RIME,automatically detected as rime-affected (bav),https://github.com/GEUS-Glaciology-and-Climate/PROMICE-AWS-data-issues/issues/61
KPC_U,2010-09-18T00:00:00+00:00,2010-09-20T00:00:00+00:00,dlr ulr dsr usr,RIME,automatically detected as rime-affected (bav),https://github.com/GEUS-Glaciology-and-Climate/PROMICE-AWS-data-issues/issues/61
KPC_U,2010-10-22T00:00:00+00:00,2010-11-06T00:00:00+00:00,dlr ulr dsr usr,RIME,automatically detected as rime-affected (bav),https://github.com/GEUS-Glaciology-and-Climate/PROMICE-AWS-data-issues/issues/61
KPC_U,2010-12-08T00:00:00+00:00,2010-12-10T00:00:00+00:00,dlr ulr dsr usr,RIME,automatically detected as rime-affected (bav),https://github.com/GEUS-Glaciology-and-Climate/PROMICE-AWS-data-issues/issues/61
KPC_U,2010-12-21T00:00:00+00:00,2010-12-23T00:00:00+00:00,dlr ulr dsr usr,RIME,automatically detected as rime-affected (bav),https://github.com/GEUS-Glaciology-and-Climate/PROMICE-AWS-data-issues/issues/61
KPC_U,2011-01-11T00:00:00+00:00,2011-01-13T00:00:00+00:00,dlr ulr dsr usr,RIME,automatically detected as rime-affected (bav),https://github.com/GEUS-Glaciology-and-Climate/PROMICE-AWS-data-issues/issues/61
KPC_U,2011-02-07T00:00:00+00:00,2011-02-09T00:00:00+00:00,dlr ulr dsr usr,RIME,automatically detected as rime-affected (bav),https://github.com/GEUS-Glaciology-and-Climate/PROMICE-AWS-data-issues/issues/61
KPC_U,2011-10-03T00:00:00+00:00,2011-10-06T00:00:00+00:00,dlr ulr dsr usr,RIME,automatically detected as rime-affected (bav),https://github.com/GEUS-Glaciology-and-Climate/PROMICE-AWS-data-issues/issues/61
KPC_U,2011-10-11T00:00:00+00:00,2011-10-14T00:00:00+00:00,dlr ulr dsr usr,RIME,automatically detected as rime-affected (bav),https://github.com/GEUS-Glaciology-and-Climate/PROMICE-AWS-data-issues/issues/61
KPC_U,2011-10-19T00:00:00+00:00,2011-10-22T00:00:00+00:00,dlr ulr dsr usr,RIME,automatically detected as rime-affected (bav),https://github.com/GEUS-Glaciology-and-Climate/PROMICE-AWS-data-issues/issues/61
KPC_U,2011-11-20T00:00:00+00:00,2011-11-23T00:00:00+00:00,dlr ulr dsr usr,RIME,automatically detected as rime-affected (bav),https://github.com/GEUS-Glaciology-and-Climate/PROMICE-AWS-data-issues/issues/61
KPC_U,2011-11-29T00:00:00+00:00,2011-12-09T00:00:00+00:00,dlr ulr dsr usr,RIME,automatically detected as rime-affected (bav),https://github.com/GEUS-Glaciology-and-Climate/PROMICE-AWS-data-issues/issues/61
KPC_U,2011-12-27T00:00:00+00:00,2011-12-31T00:00:00+00:00,dlr ulr dsr usr,RIME,automatically detected as rime-affected (bav),https://github.com/GEUS-Glaciology-and-Climate/PROMICE-AWS-data-issues/issues/61
KPC_U,2012-01-13T00:00:00+00:00,2012-01-15T00:00:00+00:00,dlr ulr dsr usr,RIME,automatically detected as rime-affected (bav),https://github.com/GEUS-Glaciology-and-Climate/PROMICE-AWS-data-issues/issues/61
KPC_U,2012-02-08T00:00:00+00:00,2012-02-11T00:00:00+00:00,dlr ulr dsr usr,RIME,automatically detected as rime-affected (bav),https://github.com/GEUS-Glaciology-and-Climate/PROMICE-AWS-data-issues/issues/61
KPC_U,2012-02-19T00:00:00+00:00,2012-02-24T00:00:00+00:00,dlr ulr dsr usr,RIME,automatically detected as rime-affected (bav),https://github.com/GEUS-Glaciology-and-Climate/PROMICE-AWS-data-issues/issues/61
KPC_U,2012-03-01T00:00:00+00:00,2012-03-04T00:00:00+00:00,dlr ulr dsr usr,RIME,automatically detected as rime-affected (bav),https://github.com/GEUS-Glaciology-and-Climate/PROMICE-AWS-data-issues/issues/61
KPC_U,2012-03-19T00:00:00+00:00,2012-03-24T00:00:00+00:00,dlr ulr dsr usr,RIME,automatically detected as rime-affected (bav),https://github.com/GEUS-Glaciology-and-Climate/PROMICE-AWS-data-issues/issues/61
KPC_U,2012-11-27T00:00:00+00:00,2012-12-09T00:00:00+00:00,dlr ulr dsr usr,RIME,automatically detected as rime-affected (bav),https://github.com/GEUS-Glaciology-and-Climate/PROMICE-AWS-data-issues/issues/61
KPC_U,2013-01-17T00:00:00+00:00,2013-01-20T00:00:00+00:00,dlr ulr dsr usr,RIME,automatically detected as rime-affected (bav),https://github.com/GEUS-Glaciology-and-Climate/PROMICE-AWS-data-issues/issues/61
KPC_U,2013-01-24T00:00:00+00:00,2013-02-05T00:00:00+00:00,dlr ulr dsr usr,RIME,automatically detected as rime-affected (bav),https://github.com/GEUS-Glaciology-and-Climate/PROMICE-AWS-data-issues/issues/61
KPC_U,2013-09-22T00:00:00+00:00,2013-09-25T00:00:00+00:00,dlr ulr dsr usr,RIME,automatically detected as rime-affected (bav),https://github.com/GEUS-Glaciology-and-Climate/PROMICE-AWS-data-issues/issues/61
KPC_U,2013-09-30T00:00:00+00:00,2013-10-14T00:00:00+00:00,dlr ulr dsr usr,RIME,automatically detected as rime-affected (bav),https://github.com/GEUS-Glaciology-and-Climate/PROMICE-AWS-data-issues/issues/61
KPC_U,2013-12-17T00:00:00+00:00,2014-01-09T00:00:00+00:00,dlr ulr dsr usr,RIME,automatically detected as rime-affected (bav),https://github.com/GEUS-Glaciology-and-Climate/PROMICE-AWS-data-issues/issues/61
KPC_U,2014-02-04T00:00:00+00:00,2014-02-20T00:00:00+00:00,dlr ulr dsr usr,RIME,automatically detected as rime-affected (bav),https://github.com/GEUS-Glaciology-and-Climate/PROMICE-AWS-data-issues/issues/61
KPC_U,2014-02-28T00:00:00+00:00,2014-03-02T00:00:00+00:00,dlr ulr dsr usr,RIME,automatically detected as rime-affected (bav),https://github.com/GEUS-Glaciology-and-Climate/PROMICE-AWS-data-issues/issues/61
KPC_U,2014-10-15T00:00:00+00:00,2014-10-22T00:00:00+00:00,dlr ulr dsr usr,RIME,automatically detected as rime-affected (bav),https://github.com/GEUS-Glaciology-and-Climate/PROMICE-AWS-data-issues/issues/61
KPC_U,2014-12-04T00:00:00+00:00,2014-12-10T00:00:00+00:00,dlr ulr dsr usr,RIME,automatically detected as rime-affected (bav),https://github.com/GEUS-Glaciology-and-Climate/PROMICE-AWS-data-issues/issues/61
KPC_U,2014-12-29T00:00:00+00:00,2015-01-03T00:00:00+00:00,dlr ulr dsr usr,RIME,automatically detected as rime-affected (bav),https://github.com/GEUS-Glaciology-and-Climate/PROMICE-AWS-data-issues/issues/61
KPC_U,2015-09-01T00:00:00+00:00,2015-09-03T00:00:00+00:00,dlr ulr dsr usr,RIME,automatically detected as rime-affected (bav),https://github.com/GEUS-Glaciology-and-Climate/PROMICE-AWS-data-issues/issues/61
KPC_U,2016-01-08T00:00:00+00:00,2016-01-11T00:00:00+00:00,dlr ulr dsr usr,RIME,automatically detected as rime-affected (bav),https://github.com/GEUS-Glaciology-and-Climate/PROMICE-AWS-data-issues/issues/61
KPC_U,2016-01-28T00:00:00+00:00,2016-02-01T00:00:00+00:00,dlr ulr dsr usr,RIME,automatically detected as rime-affected (bav),https://github.com/GEUS-Glaciology-and-Climate/PROMICE-AWS-data-issues/issues/61
KPC_U,2017-11-30T00:00:00+00:00,2017-12-05T00:00:00+00:00,dlr ulr dsr usr,RIME,automatically detected as rime-affected (bav),https://github.com/GEUS-Glaciology-and-Climate/PROMICE-AWS-data-issues/issues/61
KPC_U,2018-01-22T00:00:00+00:00,2018-02-03T00:00:00+00:00,dlr ulr dsr usr,RIME,automatically detected as rime-affected (bav),https://github.com/GEUS-Glaciology-and-Climate/PROMICE-AWS-data-issues/issues/61
KPC_U,2018-02-15T00:00:00+00:00,2018-02-19T00:00:00+00:00,dlr ulr dsr usr,RIME,automatically detected as rime-affected (bav),https://github.com/GEUS-Glaciology-and-Climate/PROMICE-AWS-data-issues/issues/61
KPC_U,2018-03-09T00:00:00+00:00,2018-03-15T00:00:00+00:00,dlr ulr dsr usr,RIME,automatically detected as rime-affected (bav),https://github.com/GEUS-Glaciology-and-Climate/PROMICE-AWS-data-issues/issues/61
KPC_U,2018-09-21T00:00:00+00:00,2018-09-25T00:00:00+00:00,dlr ulr dsr usr,RIME,automatically detected as rime-affected (bav),https://github.com/GEUS-Glaciology-and-Climate/PROMICE-AWS-data-issues/issues/61
KPC_U,2018-10-17T00:00:00+00:00,2018-10-20T00:00:00+00:00,dlr ulr dsr usr,RIME,automatically detected as rime-affected (bav),https://github.com/GEUS-Glaciology-and-Climate/PROMICE-AWS-data-issues/issues/61
KPC_U,2018-11-06T00:00:00+00:00,2018-11-08T00:00:00+00:00,dlr ulr dsr usr,RIME,automatically detected as rime-affected (bav),https://github.com/GEUS-Glaciology-and-Climate/PROMICE-AWS-data-issues/issues/61
KPC_U,2019-01-17T00:00:00+00:00,2019-01-23T00:00:00+00:00,dlr ulr dsr usr,RIME,automatically detected as rime-affected (bav),https://github.com/GEUS-Glaciology-and-Climate/PROMICE-AWS-data-issues/issues/61
KPC_U,2019-02-03T00:00:00+00:00,2019-02-06T00:00:00+00:00,dlr ulr dsr usr,RIME,automatically detected as rime-affected (bav),https://github.com/GEUS-Glaciology-and-Climate/PROMICE-AWS-data-issues/issues/61
KPC_U,2019-12-06T00:00:00+00:00,2019-12-16T00:00:00+00:00,dlr ulr dsr usr,RIME,automatically detected as rime-affected (bav),https://github.com/GEUS-Glaciology-and-Climate/PROMICE-AWS-data-issues/issues/61
KPC_U,2020-10-21T00:00:00+00:00,2020-10-24T00:00:00+00:00,dlr ulr dsr usr,RIME,automatically detected as rime-affected (bav),https://github.com/GEUS-Glaciology-and-Climate/PROMICE-AWS-data-issues/issues/61
KPC_U,2020-12-17T00:00:00+00:00,2020-12-25T00:00:00+00:00,dlr ulr dsr usr,RIME,automatically detected as rime-affected (bav),https://github.com/GEUS-Glaciology-and-Climate/PROMICE-AWS-data-issues/issues/61
KPC_U,2021-01-16T00:00:00+00:00,2021-01-21T00:00:00+00:00,dlr ulr dsr usr,RIME,automatically detected as rime-affected (bav),https://github.com/GEUS-Glaciology-and-Climate/PROMICE-AWS-data-issues/issues/61
KPC_U,2021-01-26T00:00:00+00:00,2021-01-28T00:00:00+00:00,dlr ulr dsr usr,RIME,automatically detected as rime-affected (bav),https://github.com/GEUS-Glaciology-and-Climate/PROMICE-AWS-data-issues/issues/61
KPC_U,2021-11-19T00:00:00+00:00,2021-12-06T00:00:00+00:00,dlr ulr dsr usr,RIME,automatically detected as rime-affected (bav),https://github.com/GEUS-Glaciology-and-Climate/PROMICE-AWS-data-issues/issues/61
KPC_U,2022-09-16T00:00:00+00:00,2022-09-21T00:00:00+00:00,dlr ulr dsr usr,RIME,automatically detected as rime-affected (bav),https://github.com/GEUS-Glaciology-and-Climate/PROMICE-AWS-data-issues/issues/61
KPC_U,2022-10-01T00:00:00+00:00,2022-10-03T00:00:00+00:00,dlr ulr dsr usr,RIME,automatically detected as rime-affected (bav),https://github.com/GEUS-Glaciology-and-Climate/PROMICE-AWS-data-issues/issues/61
KPC_U,2022-10-25T00:00:00+00:00,2022-10-27T00:00:00+00:00,dlr ulr dsr usr,RIME,automatically detected as rime-affected (bav),https://github.com/GEUS-Glaciology-and-Climate/PROMICE-AWS-data-issues/issues/61
KPC_U,2023-10-13T00:00:00+00:00,2023-10-19T00:00:00+00:00,dlr ulr dsr usr,RIME,automatically detected as rime-affected (bav),https://github.com/GEUS-Glaciology-and-Climate/PROMICE-AWS-data-issues/issues/61
KPC_U,2024-10-18T00:00:00+00:00,2024-10-20T00:00:00+00:00,dlr ulr dsr usr,RIME,automatically detected as rime-affected (bav),https://github.com/GEUS-Glaciology-and-Climate/PROMICE-AWS-data-issues/issues/61
KPC_Uv3,2022-09-16T00:00:00+00:00,2022-09-21T00:00:00+00:00,dlr ulr dsr usr,RIME,automatically detected as rime-affected (bav),https://github.com/GEUS-Glaciology-and-Climate/PROMICE-AWS-data-issues/issues/61
KPC_Uv3,2022-10-01T00:00:00+00:00,2022-10-03T00:00:00+00:00,dlr ulr dsr usr,RIME,automatically detected as rime-affected (bav),https://github.com/GEUS-Glaciology-and-Climate/PROMICE-AWS-data-issues/issues/61
KPC_Uv3,2022-12-31T00:00:00+00:00,2023-01-03T00:00:00+00:00,dlr ulr dsr usr,RIME,automatically detected as rime-affected (bav),https://github.com/GEUS-Glaciology-and-Climate/PROMICE-AWS-data-issues/issues/61
LYN_T,2021-09-25T00:00:00+00:00,2021-09-27T00:00:00+00:00,dlr ulr dsr usr,RIME,automatically detected as rime-affected (bav),https://github.com/GEUS-Glaciology-and-Climate/PROMICE-AWS-data-issues/issues/61
LYN_T,2021-10-04T00:00:00+00:00,2021-10-08T00:00:00+00:00,dlr ulr dsr usr,RIME,automatically detected as rime-affected (bav),https://github.com/GEUS-Glaciology-and-Climate/PROMICE-AWS-data-issues/issues/61
LYN_T,2021-10-11T00:00:00+00:00,2021-10-17T00:00:00+00:00,dlr ulr dsr usr,RIME,automatically detected as rime-affected (bav),https://github.com/GEUS-Glaciology-and-Climate/PROMICE-AWS-data-issues/issues/61
LYN_T,2021-10-21T00:00:00+00:00,2021-10-30T00:00:00+00:00,dlr ulr dsr usr,RIME,automatically detected as rime-affected (bav),https://github.com/GEUS-Glaciology-and-Climate/PROMICE-AWS-data-issues/issues/61
LYN_T,2022-04-08T00:00:00+00:00,2022-04-11T00:00:00+00:00,dlr ulr dsr usr,RIME,automatically detected as rime-affected (bav),https://github.com/GEUS-Glaciology-and-Climate/PROMICE-AWS-data-issues/issues/61
LYN_T,2022-09-21T00:00:00+00:00,2022-09-25T00:00:00+00:00,dlr ulr dsr usr,RIME,automatically detected as rime-affected (bav),https://github.com/GEUS-Glaciology-and-Climate/PROMICE-AWS-data-issues/issues/61
LYN_T,2022-10-01T00:00:00+00:00,2022-10-14T00:00:00+00:00,dlr ulr dsr usr,RIME,automatically detected as rime-affected (bav),https://github.com/GEUS-Glaciology-and-Climate/PROMICE-AWS-data-issues/issues/61
LYN_T,2022-10-19T00:00:00+00:00,2022-10-21T00:00:00+00:00,dlr ulr dsr usr,RIME,automatically detected as rime-affected (bav),https://github.com/GEUS-Glaciology-and-Climate/PROMICE-AWS-data-issues/issues/61
LYN_T,2022-10-30T00:00:00+00:00,2022-11-01T00:00:00+00:00,dlr ulr dsr usr,RIME,automatically detected as rime-affected (bav),https://github.com/GEUS-Glaciology-and-Climate/PROMICE-AWS-data-issues/issues/61
LYN_T,2023-04-19T00:00:00+00:00,2023-04-21T00:00:00+00:00,dlr ulr dsr usr,RIME,automatically detected as rime-affected (bav),https://github.com/GEUS-Glaciology-and-Climate/PROMICE-AWS-data-issues/issues/61
LYN_T,2023-09-15T00:00:00+00:00,2023-09-23T00:00:00+00:00,dlr ulr dsr usr,RIME,automatically detected as rime-affected (bav),https://github.com/GEUS-Glaciology-and-Climate/PROMICE-AWS-data-issues/issues/61
LYN_T,2023-09-27T00:00:00+00:00,2023-10-06T00:00:00+00:00,dlr ulr dsr usr,RIME,automatically detected as rime-affected (bav),https://github.com/GEUS-Glaciology-and-Climate/PROMICE-AWS-data-issues/issues/61
LYN_T,2023-10-09T00:00:00+00:00,2023-10-26T00:00:00+00:00,dlr ulr dsr usr,RIME,automatically detected as rime-affected (bav),https://github.com/GEUS-Glaciology-and-Climate/PROMICE-AWS-data-issues/issues/61
LYN_T,2023-10-29T00:00:00+00:00,2023-11-01T00:00:00+00:00,dlr ulr dsr usr,RIME,automatically detected as rime-affected (bav),https://github.com/GEUS-Glaciology-and-Climate/PROMICE-AWS-data-issues/issues/61
MIT,2009-10-12T00:00:00+00:00,2009-10-16T00:00:00+00:00,dlr ulr dsr usr,RIME,automatically detected as rime-affected (bav),https://github.com/GEUS-Glaciology-and-Climate/PROMICE-AWS-data-issues/issues/61
MIT,2010-11-18T00:00:00+00:00,2010-11-20T00:00:00+00:00,dlr ulr dsr usr,RIME,automatically detected as rime-affected (bav),https://github.com/GEUS-Glaciology-and-Climate/PROMICE-AWS-data-issues/issues/61
MIT,2011-01-20T00:00:00+00:00,2011-01-25T00:00:00+00:00,dlr ulr dsr usr,RIME,automatically detected as rime-affected (bav),https://github.com/GEUS-Glaciology-and-Climate/PROMICE-AWS-data-issues/issues/61
MIT,2011-02-09T00:00:00+00:00,2011-02-12T00:00:00+00:00,dlr ulr dsr usr,RIME,automatically detected as rime-affected (bav),https://github.com/GEUS-Glaciology-and-Climate/PROMICE-AWS-data-issues/issues/61
MIT,2011-03-31T00:00:00+00:00,2011-04-02T00:00:00+00:00,dlr ulr dsr usr,RIME,automatically detected as rime-affected (bav),https://github.com/GEUS-Glaciology-and-Climate/PROMICE-AWS-data-issues/issues/61
MIT,2011-11-06T00:00:00+00:00,2011-11-11T00:00:00+00:00,dlr ulr dsr usr,RIME,automatically detected as rime-affected (bav),https://github.com/GEUS-Glaciology-and-Climate/PROMICE-AWS-data-issues/issues/61
MIT,2012-01-08T00:00:00+00:00,2012-01-10T00:00:00+00:00,dlr ulr dsr usr,RIME,automatically detected as rime-affected (bav),https://github.com/GEUS-Glaciology-and-Climate/PROMICE-AWS-data-issues/issues/61
MIT,2012-02-10T00:00:00+00:00,2012-02-13T00:00:00+00:00,dlr ulr dsr usr,RIME,automatically detected as rime-affected (bav),https://github.com/GEUS-Glaciology-and-Climate/PROMICE-AWS-data-issues/issues/61
MIT,2012-10-23T00:00:00+00:00,2012-10-25T00:00:00+00:00,dlr ulr dsr usr,RIME,automatically detected as rime-affected (bav),https://github.com/GEUS-Glaciology-and-Climate/PROMICE-AWS-data-issues/issues/61
MIT,2012-12-05T00:00:00+00:00,2012-12-08T00:00:00+00:00,dlr ulr dsr usr,RIME,automatically detected as rime-affected (bav),https://github.com/GEUS-Glaciology-and-Climate/PROMICE-AWS-data-issues/issues/61
MIT,2012-12-27T00:00:00+00:00,2012-12-30T00:00:00+00:00,dlr ulr dsr usr,RIME,automatically detected as rime-affected (bav),https://github.com/GEUS-Glaciology-and-Climate/PROMICE-AWS-data-issues/issues/61
MIT,2013-01-08T00:00:00+00:00,2013-01-14T00:00:00+00:00,dlr ulr dsr usr,RIME,automatically detected as rime-affected (bav),https://github.com/GEUS-Glaciology-and-Climate/PROMICE-AWS-data-issues/issues/61
MIT,2013-02-07T00:00:00+00:00,2013-02-09T00:00:00+00:00,dlr ulr dsr usr,RIME,automatically detected as rime-affected (bav),https://github.com/GEUS-Glaciology-and-Climate/PROMICE-AWS-data-issues/issues/61
MIT,2013-02-19T00:00:00+00:00,2013-02-22T00:00:00+00:00,dlr ulr dsr usr,RIME,automatically detected as rime-affected (bav),https://github.com/GEUS-Glaciology-and-Climate/PROMICE-AWS-data-issues/issues/61
MIT,2013-02-27T00:00:00+00:00,2013-03-01T00:00:00+00:00,dlr ulr dsr usr,RIME,automatically detected as rime-affected (bav),https://github.com/GEUS-Glaciology-and-Climate/PROMICE-AWS-data-issues/issues/61
MIT,2013-11-12T00:00:00+00:00,2013-11-14T00:00:00+00:00,dlr ulr dsr usr,RIME,automatically detected as rime-affected (bav),https://github.com/GEUS-Glaciology-and-Climate/PROMICE-AWS-data-issues/issues/61
MIT,2014-01-09T00:00:00+00:00,2014-01-11T00:00:00+00:00,dlr ulr dsr usr,RIME,automatically detected as rime-affected (bav),https://github.com/GEUS-Glaciology-and-Climate/PROMICE-AWS-data-issues/issues/61
MIT,2014-01-21T00:00:00+00:00,2014-01-24T00:00:00+00:00,dlr ulr dsr usr,RIME,automatically detected as rime-affected (bav),https://github.com/GEUS-Glaciology-and-Climate/PROMICE-AWS-data-issues/issues/61
MIT,2014-02-17T00:00:00+00:00,2014-02-19T00:00:00+00:00,dlr ulr dsr usr,RIME,automatically detected as rime-affected (bav),https://github.com/GEUS-Glaciology-and-Climate/PROMICE-AWS-data-issues/issues/61
MIT,2014-03-24T00:00:00+00:00,2014-03-27T00:00:00+00:00,dlr ulr dsr usr,RIME,automatically detected as rime-affected (bav),https://github.com/GEUS-Glaciology-and-Climate/PROMICE-AWS-data-issues/issues/61
MIT,2014-11-17T00:00:00+00:00,2014-11-20T00:00:00+00:00,dlr ulr dsr usr,RIME,automatically detected as rime-affected (bav),https://github.com/GEUS-Glaciology-and-Climate/PROMICE-AWS-data-issues/issues/61
MIT,2014-11-29T00:00:00+00:00,2014-12-02T00:00:00+00:00,dlr ulr dsr usr,RIME,automatically detected as rime-affected (bav),https://github.com/GEUS-Glaciology-and-Climate/PROMICE-AWS-data-issues/issues/61
MIT,2014-12-05T00:00:00+00:00,2014-12-09T00:00:00+00:00,dlr ulr dsr usr,RIME,automatically detected as rime-affected (bav),https://github.com/GEUS-Glaciology-and-Climate/PROMICE-AWS-data-issues/issues/61
MIT,2014-12-20T00:00:00+00:00,2014-12-22T00:00:00+00:00,dlr ulr dsr usr,RIME,automatically detected as rime-affected (bav),https://github.com/GEUS-Glaciology-and-Climate/PROMICE-AWS-data-issues/issues/61
MIT,2015-12-15T00:00:00+00:00,2015-12-24T00:00:00+00:00,dlr ulr dsr usr,RIME,automatically detected as rime-affected (bav),https://github.com/GEUS-Glaciology-and-Climate/PROMICE-AWS-data-issues/issues/61
MIT,2016-03-09T00:00:00+00:00,2016-03-12T00:00:00+00:00,dlr ulr dsr usr,RIME,automatically detected as rime-affected (bav),https://github.com/GEUS-Glaciology-and-Climate/PROMICE-AWS-data-issues/issues/61
MIT,2020-02-08T00:00:00+00:00,2020-02-13T00:00:00+00:00,dlr ulr dsr usr,RIME,automatically detected as rime-affected (bav),https://github.com/GEUS-Glaciology-and-Climate/PROMICE-AWS-data-issues/issues/61
MIT,2020-03-01T00:00:00+00:00,2020-03-04T00:00:00+00:00,dlr ulr dsr usr,RIME,automatically detected as rime-affected (bav),https://github.com/GEUS-Glaciology-and-Climate/PROMICE-AWS-data-issues/issues/61
MIT,2020-03-13T00:00:00+00:00,2020-03-18T00:00:00+00:00,dlr ulr dsr usr,RIME,automatically detected as rime-affected (bav),https://github.com/GEUS-Glaciology-and-Climate/PROMICE-AWS-data-issues/issues/61
MIT,2020-04-18T00:00:00+00:00,2020-04-23T00:00:00+00:00,dlr ulr dsr usr,RIME,automatically detected as rime-affected (bav),https://github.com/GEUS-Glaciology-and-Climate/PROMICE-AWS-data-issues/issues/61
MIT,2020-05-04T00:00:00+00:00,2020-05-07T00:00:00+00:00,dlr ulr dsr usr,RIME,automatically detected as rime-affected (bav),https://github.com/GEUS-Glaciology-and-Climate/PROMICE-AWS-data-issues/issues/61
MIT,2020-11-22T00:00:00+00:00,2020-11-26T00:00:00+00:00,dlr ulr dsr usr,RIME,automatically detected as rime-affected (bav),https://github.com/GEUS-Glaciology-and-Climate/PROMICE-AWS-data-issues/issues/61
MIT,2021-01-16T00:00:00+00:00,2021-01-18T00:00:00+00:00,dlr ulr dsr usr,RIME,automatically detected as rime-affected (bav),https://github.com/GEUS-Glaciology-and-Climate/PROMICE-AWS-data-issues/issues/61
MIT,2021-02-17T00:00:00+00:00,2021-02-25T00:00:00+00:00,dlr ulr dsr usr,RIME,automatically detected as rime-affected (bav),https://github.com/GEUS-Glaciology-and-Climate/PROMICE-AWS-data-issues/issues/61
MIT,2021-03-09T00:00:00+00:00,2021-03-18T00:00:00+00:00,dlr ulr dsr usr,RIME,automatically detected as rime-affected (bav),https://github.com/GEUS-Glaciology-and-Climate/PROMICE-AWS-data-issues/issues/61
MIT,2021-05-25T00:00:00+00:00,2021-05-27T00:00:00+00:00,dlr ulr dsr usr,RIME,automatically detected as rime-affected (bav),https://github.com/GEUS-Glaciology-and-Climate/PROMICE-AWS-data-issues/issues/61
MIT,2021-11-28T00:00:00+00:00,2021-11-30T00:00:00+00:00,dlr ulr dsr usr,RIME,automatically detected as rime-affected (bav),https://github.com/GEUS-Glaciology-and-Climate/PROMICE-AWS-data-issues/issues/61
MIT,2021-12-05T00:00:00+00:00,2021-12-08T00:00:00+00:00,dlr ulr dsr usr,RIME,automatically detected as rime-affected (bav),https://github.com/GEUS-Glaciology-and-Climate/PROMICE-AWS-data-issues/issues/61
MIT,2022-01-05T00:00:00+00:00,2022-01-13T00:00:00+00:00,dlr ulr dsr usr,RIME,automatically detected as rime-affected (bav),https://github.com/GEUS-Glaciology-and-Climate/PROMICE-AWS-data-issues/issues/61
MIT,2022-02-14T00:00:00+00:00,2022-02-17T00:00:00+00:00,dlr ulr dsr usr,RIME,automatically detected as rime-affected (bav),https://github.com/GEUS-Glaciology-and-Climate/PROMICE-AWS-data-issues/issues/61
MIT,2022-03-03T00:00:00+00:00,2022-03-10T00:00:00+00:00,dlr ulr dsr usr,RIME,automatically detected as rime-affected (bav),https://github.com/GEUS-Glaciology-and-Climate/PROMICE-AWS-data-issues/issues/61
MIT,2022-10-11T00:00:00+00:00,2022-10-15T00:00:00+00:00,dlr ulr dsr usr,RIME,automatically detected as rime-affected (bav),https://github.com/GEUS-Glaciology-and-Climate/PROMICE-AWS-data-issues/issues/61
MIT,2022-10-23T00:00:00+00:00,2022-10-28T00:00:00+00:00,dlr ulr dsr usr,RIME,automatically detected as rime-affected (bav),https://github.com/GEUS-Glaciology-and-Climate/PROMICE-AWS-data-issues/issues/61
MIT,2022-11-01T00:00:00+00:00,2022-11-03T00:00:00+00:00,dlr ulr dsr usr,RIME,automatically detected as rime-affected (bav),https://github.com/GEUS-Glaciology-and-Climate/PROMICE-AWS-data-issues/issues/61
MIT,2023-02-03T00:00:00+00:00,2023-02-08T00:00:00+00:00,dlr ulr dsr usr,RIME,automatically detected as rime-affected (bav),https://github.com/GEUS-Glaciology-and-Climate/PROMICE-AWS-data-issues/issues/61
MIT,2023-04-05T00:00:00+00:00,2023-04-12T00:00:00+00:00,dlr ulr dsr usr,RIME,automatically detected as rime-affected (bav),https://github.com/GEUS-Glaciology-and-Climate/PROMICE-AWS-data-issues/issues/61
MIT,2024-10-01T00:00:00+00:00,2024-10-03T00:00:00+00:00,dlr ulr dsr usr,RIME,automatically detected as rime-affected (bav),https://github.com/GEUS-Glaciology-and-Climate/PROMICE-AWS-data-issues/issues/61
NAE,2023-09-26T00:00:00+00:00,2023-10-04T00:00:00+00:00,dlr ulr dsr usr,RIME,automatically detected as rime-affected (bav),https://github.com/GEUS-Glaciology-and-Climate/PROMICE-AWS-data-issues/issues/61
NAE,2023-10-23T00:00:00+00:00,2023-11-23T00:00:00+00:00,dlr ulr dsr usr,RIME,automatically detected as rime-affected (bav),https://github.com/GEUS-Glaciology-and-Climate/PROMICE-AWS-data-issues/issues/61
NAE,2023-12-04T00:00:00+00:00,2023-12-13T00:00:00+00:00,dlr ulr dsr usr,RIME,automatically detected as rime-affected (bav),https://github.com/GEUS-Glaciology-and-Climate/PROMICE-AWS-data-issues/issues/61
NAE,2023-12-19T00:00:00+00:00,2023-12-26T00:00:00+00:00,dlr ulr dsr usr,RIME,automatically detected as rime-affected (bav),https://github.com/GEUS-Glaciology-and-Climate/PROMICE-AWS-data-issues/issues/61
NAE,2023-12-31T00:00:00+00:00,2024-01-19T00:00:00+00:00,dlr ulr dsr usr,RIME,automatically detected as rime-affected (bav),https://github.com/GEUS-Glaciology-and-Climate/PROMICE-AWS-data-issues/issues/61
NAE,2024-01-24T00:00:00+00:00,2024-05-04T00:00:00+00:00,dlr ulr dsr usr,RIME,automatically detected as rime-affected (bav),https://github.com/GEUS-Glaciology-and-Climate/PROMICE-AWS-data-issues/issues/61
NAE,2024-09-30T00:00:00+00:00,2024-10-02T00:00:00+00:00,dlr ulr dsr usr,RIME,automatically detected as rime-affected (bav),https://github.com/GEUS-Glaciology-and-Climate/PROMICE-AWS-data-issues/issues/61
NAE,2024-10-17T00:00:00+00:00,2024-10-26T00:00:00+00:00,dlr ulr dsr usr,RIME,automatically detected as rime-affected (bav),https://github.com/GEUS-Glaciology-and-Climate/PROMICE-AWS-data-issues/issues/61
NAU,2021-10-21T00:00:00+00:00,2021-10-24T00:00:00+00:00,dlr ulr dsr usr,RIME,automatically detected as rime-affected (bav),https://github.com/GEUS-Glaciology-and-Climate/PROMICE-AWS-data-issues/issues/61
NAU,2021-10-27T00:00:00+00:00,2021-10-31T00:00:00+00:00,dlr ulr dsr usr,RIME,automatically detected as rime-affected (bav),https://github.com/GEUS-Glaciology-and-Climate/PROMICE-AWS-data-issues/issues/61
NAU,2021-11-10T00:00:00+00:00,2021-11-12T00:00:00+00:00,dlr ulr dsr usr,RIME,automatically detected as rime-affected (bav),https://github.com/GEUS-Glaciology-and-Climate/PROMICE-AWS-data-issues/issues/61
NAU,2021-11-23T00:00:00+00:00,2021-11-25T00:00:00+00:00,dlr ulr dsr usr,RIME,automatically detected as rime-affected (bav),https://github.com/GEUS-Glaciology-and-Climate/PROMICE-AWS-data-issues/issues/61
NAU,2022-09-24T00:00:00+00:00,2022-09-26T00:00:00+00:00,dlr ulr dsr usr,RIME,automatically detected as rime-affected (bav),https://github.com/GEUS-Glaciology-and-Climate/PROMICE-AWS-data-issues/issues/61
NAU,2022-10-09T00:00:00+00:00,2022-10-11T00:00:00+00:00,dlr ulr dsr usr,RIME,automatically detected as rime-affected (bav),https://github.com/GEUS-Glaciology-and-Climate/PROMICE-AWS-data-issues/issues/61
NAU,2022-10-31T00:00:00+00:00,2022-11-03T00:00:00+00:00,dlr ulr dsr usr,RIME,automatically detected as rime-affected (bav),https://github.com/GEUS-Glaciology-and-Climate/PROMICE-AWS-data-issues/issues/61
NAU,2022-12-23T00:00:00+00:00,2022-12-28T00:00:00+00:00,dlr ulr dsr usr,RIME,automatically detected as rime-affected (bav),https://github.com/GEUS-Glaciology-and-Climate/PROMICE-AWS-data-issues/issues/61
NAU,2023-04-04T00:00:00+00:00,2023-04-09T00:00:00+00:00,dlr ulr dsr usr,RIME,automatically detected as rime-affected (bav),https://github.com/GEUS-Glaciology-and-Climate/PROMICE-AWS-data-issues/issues/61
NAU,2023-10-18T00:00:00+00:00,2023-10-20T00:00:00+00:00,dlr ulr dsr usr,RIME,automatically detected as rime-affected (bav),https://github.com/GEUS-Glaciology-and-Climate/PROMICE-AWS-data-issues/issues/61
NAU,2023-11-15T00:00:00+00:00,2023-12-01T00:00:00+00:00,dlr ulr dsr usr,RIME,automatically detected as rime-affected (bav),https://github.com/GEUS-Glaciology-and-Climate/PROMICE-AWS-data-issues/issues/61
NAU,2023-12-08T00:00:00+00:00,2023-12-10T00:00:00+00:00,dlr ulr dsr usr,RIME,automatically detected as rime-affected (bav),https://github.com/GEUS-Glaciology-and-Climate/PROMICE-AWS-data-issues/issues/61
NAU,2024-01-14T00:00:00+00:00,2024-01-16T00:00:00+00:00,dlr ulr dsr usr,RIME,automatically detected as rime-affected (bav),https://github.com/GEUS-Glaciology-and-Climate/PROMICE-AWS-data-issues/issues/61
NAU,2024-03-14T00:00:00+00:00,2024-03-28T00:00:00+00:00,dlr ulr dsr usr,RIME,automatically detected as rime-affected (bav),https://github.com/GEUS-Glaciology-and-Climate/PROMICE-AWS-data-issues/issues/61
NEM,2021-09-25T00:00:00+00:00,2021-10-01T00:00:00+00:00,dlr ulr dsr usr,RIME,automatically detected as rime-affected (bav),https://github.com/GEUS-Glaciology-and-Climate/PROMICE-AWS-data-issues/issues/61
NEM,2021-10-05T00:00:00+00:00,2021-10-11T00:00:00+00:00,dlr ulr dsr usr,RIME,automatically detected as rime-affected (bav),https://github.com/GEUS-Glaciology-and-Climate/PROMICE-AWS-data-issues/issues/61
NEM,2021-10-29T00:00:00+00:00,2021-10-31T00:00:00+00:00,dlr ulr dsr usr,RIME,automatically detected as rime-affected (bav),https://github.com/GEUS-Glaciology-and-Climate/PROMICE-AWS-data-issues/issues/61
NEM,2021-11-03T00:00:00+00:00,2021-11-10T00:00:00+00:00,dlr ulr dsr usr,RIME,automatically detected as rime-affected (bav),https://github.com/GEUS-Glaciology-and-Climate/PROMICE-AWS-data-issues/issues/61
NEM,2021-11-13T00:00:00+00:00,2021-11-25T00:00:00+00:00,dlr ulr dsr usr,RIME,automatically detected as rime-affected (bav),https://github.com/GEUS-Glaciology-and-Climate/PROMICE-AWS-data-issues/issues/61
NEM,2022-09-12T00:00:00+00:00,2022-10-14T00:00:00+00:00,dlr ulr dsr usr,RIME,automatically detected as rime-affected (bav),https://github.com/GEUS-Glaciology-and-Climate/PROMICE-AWS-data-issues/issues/61
NEM,2022-10-30T00:00:00+00:00,2022-11-15T00:00:00+00:00,dlr ulr dsr usr,RIME,automatically detected as rime-affected (bav),https://github.com/GEUS-Glaciology-and-Climate/PROMICE-AWS-data-issues/issues/61
NEM,2022-11-23T00:00:00+00:00,2022-11-26T00:00:00+00:00,dlr ulr dsr usr,RIME,automatically detected as rime-affected (bav),https://github.com/GEUS-Glaciology-and-Climate/PROMICE-AWS-data-issues/issues/61
NEM,2023-10-21T00:00:00+00:00,2023-12-08T00:00:00+00:00,dlr ulr dsr usr,RIME,automatically detected as rime-affected (bav),https://github.com/GEUS-Glaciology-and-Climate/PROMICE-AWS-data-issues/issues/61
NEM,2023-12-11T00:00:00+00:00,2024-02-13T00:00:00+00:00,dlr ulr dsr usr,RIME,automatically detected as rime-affected (bav),https://github.com/GEUS-Glaciology-and-Climate/PROMICE-AWS-data-issues/issues/61
NEM,2024-02-17T00:00:00+00:00,2024-04-28T00:00:00+00:00,dlr ulr dsr usr,RIME,automatically detected as rime-affected (bav),https://github.com/GEUS-Glaciology-and-Climate/PROMICE-AWS-data-issues/issues/61
NEM,2024-09-17T00:00:00+00:00,2024-09-21T00:00:00+00:00,dlr ulr dsr usr,RIME,automatically detected as rime-affected (bav),https://github.com/GEUS-Glaciology-and-Climate/PROMICE-AWS-data-issues/issues/61
NSE,2021-10-06T00:00:00+00:00,2021-10-10T00:00:00+00:00,dlr ulr dsr usr,RIME,automatically detected as rime-affected (bav),https://github.com/GEUS-Glaciology-and-Climate/PROMICE-AWS-data-issues/issues/61
NSE,2021-11-06T00:00:00+00:00,2021-11-13T00:00:00+00:00,dlr ulr dsr usr,RIME,automatically detected as rime-affected (bav),https://github.com/GEUS-Glaciology-and-Climate/PROMICE-AWS-data-issues/issues/61
NSE,2021-12-16T00:00:00+00:00,2021-12-19T00:00:00+00:00,dlr ulr dsr usr,RIME,automatically detected as rime-affected (bav),https://github.com/GEUS-Glaciology-and-Climate/PROMICE-AWS-data-issues/issues/61
NSE,2022-01-15T00:00:00+00:00,2022-01-19T00:00:00+00:00,dlr ulr dsr usr,RIME,automatically detected as rime-affected (bav),https://github.com/GEUS-Glaciology-and-Climate/PROMICE-AWS-data-issues/issues/61
NSE,2022-02-11T00:00:00+00:00,2022-02-14T00:00:00+00:00,dlr ulr dsr usr,RIME,automatically detected as rime-affected (bav),https://github.com/GEUS-Glaciology-and-Climate/PROMICE-AWS-data-issues/issues/61
NSE,2022-09-28T00:00:00+00:00,2022-10-01T00:00:00+00:00,dlr ulr dsr usr,RIME,automatically detected as rime-affected (bav),https://github.com/GEUS-Glaciology-and-Climate/PROMICE-AWS-data-issues/issues/61
NSE,2022-10-04T00:00:00+00:00,2022-10-16T00:00:00+00:00,dlr ulr dsr usr,RIME,automatically detected as rime-affected (bav),https://github.com/GEUS-Glaciology-and-Climate/PROMICE-AWS-data-issues/issues/61
NSE,2022-10-23T00:00:00+00:00,2022-10-27T00:00:00+00:00,dlr ulr dsr usr,RIME,automatically detected as rime-affected (bav),https://github.com/GEUS-Glaciology-and-Climate/PROMICE-AWS-data-issues/issues/61
NSE,2022-11-06T00:00:00+00:00,2022-11-12T00:00:00+00:00,dlr ulr dsr usr,RIME,automatically detected as rime-affected (bav),https://github.com/GEUS-Glaciology-and-Climate/PROMICE-AWS-data-issues/issues/61
NSE,2022-11-15T00:00:00+00:00,2022-11-18T00:00:00+00:00,dlr ulr dsr usr,RIME,automatically detected as rime-affected (bav),https://github.com/GEUS-Glaciology-and-Climate/PROMICE-AWS-data-issues/issues/61
NSE,2022-12-07T00:00:00+00:00,2023-01-25T00:00:00+00:00,dlr ulr dsr usr,RIME,automatically detected as rime-affected (bav),https://github.com/GEUS-Glaciology-and-Climate/PROMICE-AWS-data-issues/issues/61
NSE,2023-01-30T00:00:00+00:00,2023-02-01T00:00:00+00:00,dlr ulr dsr usr,RIME,automatically detected as rime-affected (bav),https://github.com/GEUS-Glaciology-and-Climate/PROMICE-AWS-data-issues/issues/61
NSE,2023-09-14T00:00:00+00:00,2023-09-16T00:00:00+00:00,dlr ulr dsr usr,RIME,automatically detected as rime-affected (bav),https://github.com/GEUS-Glaciology-and-Climate/PROMICE-AWS-data-issues/issues/61
NSE,2023-09-28T00:00:00+00:00,2023-10-03T00:00:00+00:00,dlr ulr dsr usr,RIME,automatically detected as rime-affected (bav),https://github.com/GEUS-Glaciology-and-Climate/PROMICE-AWS-data-issues/issues/61
NSE,2023-10-23T00:00:00+00:00,2023-10-26T00:00:00+00:00,dlr ulr dsr usr,RIME,automatically detected as rime-affected (bav),https://github.com/GEUS-Glaciology-and-Climate/PROMICE-AWS-data-issues/issues/61
NSE,2023-11-16T00:00:00+00:00,2023-11-20T00:00:00+00:00,dlr ulr dsr usr,RIME,automatically detected as rime-affected (bav),https://github.com/GEUS-Glaciology-and-Climate/PROMICE-AWS-data-issues/issues/61
NSE,2023-12-04T00:00:00+00:00,2023-12-19T00:00:00+00:00,dlr ulr dsr usr,RIME,automatically detected as rime-affected (bav),https://github.com/GEUS-Glaciology-and-Climate/PROMICE-AWS-data-issues/issues/61
NSE,2023-12-24T00:00:00+00:00,2024-01-06T00:00:00+00:00,dlr ulr dsr usr,RIME,automatically detected as rime-affected (bav),https://github.com/GEUS-Glaciology-and-Climate/PROMICE-AWS-data-issues/issues/61
NSE,2024-01-12T00:00:00+00:00,2024-02-02T00:00:00+00:00,dlr ulr dsr usr,RIME,automatically detected as rime-affected (bav),https://github.com/GEUS-Glaciology-and-Climate/PROMICE-AWS-data-issues/issues/61
NSE,2024-10-14T00:00:00+00:00,2024-10-17T00:00:00+00:00,dlr ulr dsr usr,RIME,automatically detected as rime-affected (bav),https://github.com/GEUS-Glaciology-and-Climate/PROMICE-AWS-data-issues/issues/61
NUK_K,2014-11-27T00:00:00+00:00,2014-11-30T00:00:00+00:00,dlr ulr dsr usr,RIME,automatically detected as rime-affected (bav),https://github.com/GEUS-Glaciology-and-Climate/PROMICE-AWS-data-issues/issues/61
NUK_K,2014-12-10T00:00:00+00:00,2014-12-12T00:00:00+00:00,dlr ulr dsr usr,RIME,automatically detected as rime-affected (bav),https://github.com/GEUS-Glaciology-and-Climate/PROMICE-AWS-data-issues/issues/61
NUK_K,2014-12-30T00:00:00+00:00,2015-01-02T00:00:00+00:00,dlr ulr dsr usr,RIME,automatically detected as rime-affected (bav),https://github.com/GEUS-Glaciology-and-Climate/PROMICE-AWS-data-issues/issues/61
NUK_K,2015-01-08T00:00:00+00:00,2015-01-10T00:00:00+00:00,dlr ulr dsr usr,RIME,automatically detected as rime-affected (bav),https://github.com/GEUS-Glaciology-and-Climate/PROMICE-AWS-data-issues/issues/61
NUK_K,2015-02-13T00:00:00+00:00,2015-02-20T00:00:00+00:00,dlr ulr dsr usr,RIME,automatically detected as rime-affected (bav),https://github.com/GEUS-Glaciology-and-Climate/PROMICE-AWS-data-issues/issues/61
NUK_K,2015-02-23T00:00:00+00:00,2015-02-28T00:00:00+00:00,dlr ulr dsr usr,RIME,automatically detected as rime-affected (bav),https://github.com/GEUS-Glaciology-and-Climate/PROMICE-AWS-data-issues/issues/61
NUK_K,2015-03-03T00:00:00+00:00,2015-03-07T00:00:00+00:00,dlr ulr dsr usr,RIME,automatically detected as rime-affected (bav),https://github.com/GEUS-Glaciology-and-Climate/PROMICE-AWS-data-issues/issues/61
NUK_K,2015-03-12T00:00:00+00:00,2015-03-16T00:00:00+00:00,dlr ulr dsr usr,RIME,automatically detected as rime-affected (bav),https://github.com/GEUS-Glaciology-and-Climate/PROMICE-AWS-data-issues/issues/61
NUK_K,2015-11-27T00:00:00+00:00,2015-11-29T00:00:00+00:00,dlr ulr dsr usr,RIME,automatically detected as rime-affected (bav),https://github.com/GEUS-Glaciology-and-Climate/PROMICE-AWS-data-issues/issues/61
NUK_K,2015-12-31T00:00:00+00:00,2016-01-02T00:00:00+00:00,dlr ulr dsr usr,RIME,automatically detected as rime-affected (bav),https://github.com/GEUS-Glaciology-and-Climate/PROMICE-AWS-data-issues/issues/61
NUK_K,2016-01-24T00:00:00+00:00,2016-01-30T00:00:00+00:00,dlr ulr dsr usr,RIME,automatically detected as rime-affected (bav),https://github.com/GEUS-Glaciology-and-Climate/PROMICE-AWS-data-issues/issues/61
NUK_K,2016-02-09T00:00:00+00:00,2016-02-11T00:00:00+00:00,dlr ulr dsr usr,RIME,automatically detected as rime-affected (bav),https://github.com/GEUS-Glaciology-and-Climate/PROMICE-AWS-data-issues/issues/61
NUK_K,2016-02-17T00:00:00+00:00,2016-02-21T00:00:00+00:00,dlr ulr dsr usr,RIME,automatically detected as rime-affected (bav),https://github.com/GEUS-Glaciology-and-Climate/PROMICE-AWS-data-issues/issues/61
NUK_K,2016-03-02T00:00:00+00:00,2016-03-04T00:00:00+00:00,dlr ulr dsr usr,RIME,automatically detected as rime-affected (bav),https://github.com/GEUS-Glaciology-and-Climate/PROMICE-AWS-data-issues/issues/61
NUK_K,2016-03-12T00:00:00+00:00,2016-03-14T00:00:00+00:00,dlr ulr dsr usr,RIME,automatically detected as rime-affected (bav),https://github.com/GEUS-Glaciology-and-Climate/PROMICE-AWS-data-issues/issues/61
NUK_K,2016-03-29T00:00:00+00:00,2016-03-31T00:00:00+00:00,dlr ulr dsr usr,RIME,automatically detected as rime-affected (bav),https://github.com/GEUS-Glaciology-and-Climate/PROMICE-AWS-data-issues/issues/61
NUK_K,2016-04-16T00:00:00+00:00,2016-04-18T00:00:00+00:00,dlr ulr dsr usr,RIME,automatically detected as rime-affected (bav),https://github.com/GEUS-Glaciology-and-Climate/PROMICE-AWS-data-issues/issues/61
NUK_K,2016-11-16T00:00:00+00:00,2016-11-18T00:00:00+00:00,dlr ulr dsr usr,RIME,automatically detected as rime-affected (bav),https://github.com/GEUS-Glaciology-and-Climate/PROMICE-AWS-data-issues/issues/61
NUK_K,2016-12-13T00:00:00+00:00,2016-12-16T00:00:00+00:00,dlr ulr dsr usr,RIME,automatically detected as rime-affected (bav),https://github.com/GEUS-Glaciology-and-Climate/PROMICE-AWS-data-issues/issues/61
NUK_K,2016-12-23T00:00:00+00:00,2016-12-30T00:00:00+00:00,dlr ulr dsr usr,RIME,automatically detected as rime-affected (bav),https://github.com/GEUS-Glaciology-and-Climate/PROMICE-AWS-data-issues/issues/61
NUK_K,2017-01-21T00:00:00+00:00,2017-01-23T00:00:00+00:00,dlr ulr dsr usr,RIME,automatically detected as rime-affected (bav),https://github.com/GEUS-Glaciology-and-Climate/PROMICE-AWS-data-issues/issues/61
NUK_K,2017-02-04T00:00:00+00:00,2017-02-15T00:00:00+00:00,dlr ulr dsr usr,RIME,automatically detected as rime-affected (bav),https://github.com/GEUS-Glaciology-and-Climate/PROMICE-AWS-data-issues/issues/61
NUK_K,2017-02-19T00:00:00+00:00,2017-02-25T00:00:00+00:00,dlr ulr dsr usr,RIME,automatically detected as rime-affected (bav),https://github.com/GEUS-Glaciology-and-Climate/PROMICE-AWS-data-issues/issues/61
NUK_K,2017-03-03T00:00:00+00:00,2017-03-07T00:00:00+00:00,dlr ulr dsr usr,RIME,automatically detected as rime-affected (bav),https://github.com/GEUS-Glaciology-and-Climate/PROMICE-AWS-data-issues/issues/61
NUK_K,2017-10-10T00:00:00+00:00,2017-10-12T00:00:00+00:00,dlr ulr dsr usr,RIME,automatically detected as rime-affected (bav),https://github.com/GEUS-Glaciology-and-Climate/PROMICE-AWS-data-issues/issues/61
NUK_K,2017-10-19T00:00:00+00:00,2017-10-21T00:00:00+00:00,dlr ulr dsr usr,RIME,automatically detected as rime-affected (bav),https://github.com/GEUS-Glaciology-and-Climate/PROMICE-AWS-data-issues/issues/61
NUK_K,2017-11-12T00:00:00+00:00,2017-11-15T00:00:00+00:00,dlr ulr dsr usr,RIME,automatically detected as rime-affected (bav),https://github.com/GEUS-Glaciology-and-Climate/PROMICE-AWS-data-issues/issues/61
NUK_K,2017-12-03T00:00:00+00:00,2017-12-05T00:00:00+00:00,dlr ulr dsr usr,RIME,automatically detected as rime-affected (bav),https://github.com/GEUS-Glaciology-and-Climate/PROMICE-AWS-data-issues/issues/61
NUK_K,2017-12-12T00:00:00+00:00,2017-12-14T00:00:00+00:00,dlr ulr dsr usr,RIME,automatically detected as rime-affected (bav),https://github.com/GEUS-Glaciology-and-Climate/PROMICE-AWS-data-issues/issues/61
NUK_K,2017-12-19T00:00:00+00:00,2017-12-21T00:00:00+00:00,dlr ulr dsr usr,RIME,automatically detected as rime-affected (bav),https://github.com/GEUS-Glaciology-and-Climate/PROMICE-AWS-data-issues/issues/61
NUK_K,2017-12-29T00:00:00+00:00,2018-01-04T00:00:00+00:00,dlr ulr dsr usr,RIME,automatically detected as rime-affected (bav),https://github.com/GEUS-Glaciology-and-Climate/PROMICE-AWS-data-issues/issues/61
NUK_K,2018-01-14T00:00:00+00:00,2018-01-19T00:00:00+00:00,dlr ulr dsr usr,RIME,automatically detected as rime-affected (bav),https://github.com/GEUS-Glaciology-and-Climate/PROMICE-AWS-data-issues/issues/61
NUK_K,2018-01-28T00:00:00+00:00,2018-02-03T00:00:00+00:00,dlr ulr dsr usr,RIME,automatically detected as rime-affected (bav),https://github.com/GEUS-Glaciology-and-Climate/PROMICE-AWS-data-issues/issues/61
NUK_K,2018-02-10T00:00:00+00:00,2018-02-18T00:00:00+00:00,dlr ulr dsr usr,RIME,automatically detected as rime-affected (bav),https://github.com/GEUS-Glaciology-and-Climate/PROMICE-AWS-data-issues/issues/61
NUK_K,2018-02-24T00:00:00+00:00,2018-02-26T00:00:00+00:00,dlr ulr dsr usr,RIME,automatically detected as rime-affected (bav),https://github.com/GEUS-Glaciology-and-Climate/PROMICE-AWS-data-issues/issues/61
NUK_K,2018-03-05T00:00:00+00:00,2018-03-10T00:00:00+00:00,dlr ulr dsr usr,RIME,automatically detected as rime-affected (bav),https://github.com/GEUS-Glaciology-and-Climate/PROMICE-AWS-data-issues/issues/61
NUK_K,2018-03-23T00:00:00+00:00,2018-03-26T00:00:00+00:00,dlr ulr dsr usr,RIME,automatically detected as rime-affected (bav),https://github.com/GEUS-Glaciology-and-Climate/PROMICE-AWS-data-issues/issues/61
NUK_K,2018-04-12T00:00:00+00:00,2018-04-14T00:00:00+00:00,dlr ulr dsr usr,RIME,automatically detected as rime-affected (bav),https://github.com/GEUS-Glaciology-and-Climate/PROMICE-AWS-data-issues/issues/61
NUK_K,2018-05-04T00:00:00+00:00,2018-05-07T00:00:00+00:00,dlr ulr dsr usr,RIME,automatically detected as rime-affected (bav),https://github.com/GEUS-Glaciology-and-Climate/PROMICE-AWS-data-issues/issues/61
NUK_K,2018-10-07T00:00:00+00:00,2018-10-11T00:00:00+00:00,dlr ulr dsr usr,RIME,automatically detected as rime-affected (bav),https://github.com/GEUS-Glaciology-and-Climate/PROMICE-AWS-data-issues/issues/61
NUK_K,2018-12-07T00:00:00+00:00,2018-12-09T00:00:00+00:00,dlr ulr dsr usr,RIME,automatically detected as rime-affected (bav),https://github.com/GEUS-Glaciology-and-Climate/PROMICE-AWS-data-issues/issues/61
NUK_K,2018-12-17T00:00:00+00:00,2018-12-19T00:00:00+00:00,dlr ulr dsr usr,RIME,automatically detected as rime-affected (bav),https://github.com/GEUS-Glaciology-and-Climate/PROMICE-AWS-data-issues/issues/61
NUK_K,2018-12-23T00:00:00+00:00,2018-12-31T00:00:00+00:00,dlr ulr dsr usr,RIME,automatically detected as rime-affected (bav),https://github.com/GEUS-Glaciology-and-Climate/PROMICE-AWS-data-issues/issues/61
NUK_K,2019-01-13T00:00:00+00:00,2019-01-24T00:00:00+00:00,dlr ulr dsr usr,RIME,automatically detected as rime-affected (bav),https://github.com/GEUS-Glaciology-and-Climate/PROMICE-AWS-data-issues/issues/61
NUK_K,2019-02-07T00:00:00+00:00,2019-02-09T00:00:00+00:00,dlr ulr dsr usr,RIME,automatically detected as rime-affected (bav),https://github.com/GEUS-Glaciology-and-Climate/PROMICE-AWS-data-issues/issues/61
NUK_K,2019-02-14T00:00:00+00:00,2019-02-18T00:00:00+00:00,dlr ulr dsr usr,RIME,automatically detected as rime-affected (bav),https://github.com/GEUS-Glaciology-and-Climate/PROMICE-AWS-data-issues/issues/61
NUK_K,2019-02-22T00:00:00+00:00,2019-02-26T00:00:00+00:00,dlr ulr dsr usr,RIME,automatically detected as rime-affected (bav),https://github.com/GEUS-Glaciology-and-Climate/PROMICE-AWS-data-issues/issues/61
NUK_K,2019-12-13T00:00:00+00:00,2019-12-16T00:00:00+00:00,dlr ulr dsr usr,RIME,automatically detected as rime-affected (bav),https://github.com/GEUS-Glaciology-and-Climate/PROMICE-AWS-data-issues/issues/61
NUK_K,2019-12-20T00:00:00+00:00,2019-12-22T00:00:00+00:00,dlr ulr dsr usr,RIME,automatically detected as rime-affected (bav),https://github.com/GEUS-Glaciology-and-Climate/PROMICE-AWS-data-issues/issues/61
NUK_K,2019-12-30T00:00:00+00:00,2020-01-03T00:00:00+00:00,dlr ulr dsr usr,RIME,automatically detected as rime-affected (bav),https://github.com/GEUS-Glaciology-and-Climate/PROMICE-AWS-data-issues/issues/61
NUK_K,2020-01-10T00:00:00+00:00,2020-01-18T00:00:00+00:00,dlr ulr dsr usr,RIME,automatically detected as rime-affected (bav),https://github.com/GEUS-Glaciology-and-Climate/PROMICE-AWS-data-issues/issues/61
NUK_K,2020-01-25T00:00:00+00:00,2020-02-03T00:00:00+00:00,dlr ulr dsr usr,RIME,automatically detected as rime-affected (bav),https://github.com/GEUS-Glaciology-and-Climate/PROMICE-AWS-data-issues/issues/61
NUK_K,2020-02-16T00:00:00+00:00,2020-02-21T00:00:00+00:00,dlr ulr dsr usr,RIME,automatically detected as rime-affected (bav),https://github.com/GEUS-Glaciology-and-Climate/PROMICE-AWS-data-issues/issues/61
NUK_K,2020-02-26T00:00:00+00:00,2020-03-02T00:00:00+00:00,dlr ulr dsr usr,RIME,automatically detected as rime-affected (bav),https://github.com/GEUS-Glaciology-and-Climate/PROMICE-AWS-data-issues/issues/61
NUK_K,2020-04-27T00:00:00+00:00,2020-04-29T00:00:00+00:00,dlr ulr dsr usr,RIME,automatically detected as rime-affected (bav),https://github.com/GEUS-Glaciology-and-Climate/PROMICE-AWS-data-issues/issues/61
NUK_K,2020-10-21T00:00:00+00:00,2020-10-23T00:00:00+00:00,dlr ulr dsr usr,RIME,automatically detected as rime-affected (bav),https://github.com/GEUS-Glaciology-and-Climate/PROMICE-AWS-data-issues/issues/61
NUK_K,2020-11-01T00:00:00+00:00,2020-11-03T00:00:00+00:00,dlr ulr dsr usr,RIME,automatically detected as rime-affected (bav),https://github.com/GEUS-Glaciology-and-Climate/PROMICE-AWS-data-issues/issues/61
NUK_K,2020-11-11T00:00:00+00:00,2020-11-14T00:00:00+00:00,dlr ulr dsr usr,RIME,automatically detected as rime-affected (bav),https://github.com/GEUS-Glaciology-and-Climate/PROMICE-AWS-data-issues/issues/61
NUK_K,2020-12-19T00:00:00+00:00,2020-12-21T00:00:00+00:00,dlr ulr dsr usr,RIME,automatically detected as rime-affected (bav),https://github.com/GEUS-Glaciology-and-Climate/PROMICE-AWS-data-issues/issues/61
NUK_K,2021-01-15T00:00:00+00:00,2021-01-17T00:00:00+00:00,dlr ulr dsr usr,RIME,automatically detected as rime-affected (bav),https://github.com/GEUS-Glaciology-and-Climate/PROMICE-AWS-data-issues/issues/61
NUK_K,2021-02-14T00:00:00+00:00,2021-02-21T00:00:00+00:00,dlr ulr dsr usr,RIME,automatically detected as rime-affected (bav),https://github.com/GEUS-Glaciology-and-Climate/PROMICE-AWS-data-issues/issues/61
NUK_K,2021-03-07T00:00:00+00:00,2021-03-14T00:00:00+00:00,dlr ulr dsr usr,RIME,automatically detected as rime-affected (bav),https://github.com/GEUS-Glaciology-and-Climate/PROMICE-AWS-data-issues/issues/61
NUK_K,2021-03-22T00:00:00+00:00,2021-03-25T00:00:00+00:00,dlr ulr dsr usr,RIME,automatically detected as rime-affected (bav),https://github.com/GEUS-Glaciology-and-Climate/PROMICE-AWS-data-issues/issues/61
NUK_K,2022-04-18T00:00:00+00:00,2022-04-22T00:00:00+00:00,dlr ulr dsr usr,RIME,automatically detected as rime-affected (bav),https://github.com/GEUS-Glaciology-and-Climate/PROMICE-AWS-data-issues/issues/61
NUK_K,2022-09-30T00:00:00+00:00,2022-10-02T00:00:00+00:00,dlr ulr dsr usr,RIME,automatically detected as rime-affected (bav),https://github.com/GEUS-Glaciology-and-Climate/PROMICE-AWS-data-issues/issues/61
NUK_K,2022-10-05T00:00:00+00:00,2022-10-13T00:00:00+00:00,dlr ulr dsr usr,RIME,automatically detected as rime-affected (bav),https://github.com/GEUS-Glaciology-and-Climate/PROMICE-AWS-data-issues/issues/61
NUK_K,2023-11-09T00:00:00+00:00,2023-11-12T00:00:00+00:00,dlr ulr dsr usr,RIME,automatically detected as rime-affected (bav),https://github.com/GEUS-Glaciology-and-Climate/PROMICE-AWS-data-issues/issues/61
NUK_K,2023-12-13T00:00:00+00:00,2023-12-15T00:00:00+00:00,dlr ulr dsr usr,RIME,automatically detected as rime-affected (bav),https://github.com/GEUS-Glaciology-and-Climate/PROMICE-AWS-data-issues/issues/61
NUK_K,2023-12-20T00:00:00+00:00,2023-12-23T00:00:00+00:00,dlr ulr dsr usr,RIME,automatically detected as rime-affected (bav),https://github.com/GEUS-Glaciology-and-Climate/PROMICE-AWS-data-issues/issues/61
NUK_L,2008-01-13T00:00:00+00:00,2008-01-15T00:00:00+00:00,dlr ulr dsr usr,RIME,automatically detected as rime-affected (bav),https://github.com/GEUS-Glaciology-and-Climate/PROMICE-AWS-data-issues/issues/61
NUK_L,2012-01-28T00:00:00+00:00,2012-01-30T00:00:00+00:00,dlr ulr dsr usr,RIME,automatically detected as rime-affected (bav),https://github.com/GEUS-Glaciology-and-Climate/PROMICE-AWS-data-issues/issues/61
NUK_L,2012-03-06T00:00:00+00:00,2012-03-08T00:00:00+00:00,dlr ulr dsr usr,RIME,automatically detected as rime-affected (bav),https://github.com/GEUS-Glaciology-and-Climate/PROMICE-AWS-data-issues/issues/61
NUK_L,2012-10-05T00:00:00+00:00,2012-10-07T00:00:00+00:00,dlr ulr dsr usr,RIME,automatically detected as rime-affected (bav),https://github.com/GEUS-Glaciology-and-Climate/PROMICE-AWS-data-issues/issues/61
NUK_L,2013-11-05T00:00:00+00:00,2013-11-07T00:00:00+00:00,dlr ulr dsr usr,RIME,automatically detected as rime-affected (bav),https://github.com/GEUS-Glaciology-and-Climate/PROMICE-AWS-data-issues/issues/61
NUK_L,2015-02-08T00:00:00+00:00,2015-02-10T00:00:00+00:00,dlr ulr dsr usr,RIME,automatically detected as rime-affected (bav),https://github.com/GEUS-Glaciology-and-Climate/PROMICE-AWS-data-issues/issues/61
NUK_L,2015-02-18T00:00:00+00:00,2015-02-20T00:00:00+00:00,dlr ulr dsr usr,RIME,automatically detected as rime-affected (bav),https://github.com/GEUS-Glaciology-and-Climate/PROMICE-AWS-data-issues/issues/61
NUK_L,2015-03-01T00:00:00+00:00,2015-03-10T00:00:00+00:00,dlr ulr dsr usr,RIME,automatically detected as rime-affected (bav),https://github.com/GEUS-Glaciology-and-Climate/PROMICE-AWS-data-issues/issues/61
NUK_L,2015-12-21T00:00:00+00:00,2015-12-24T00:00:00+00:00,dlr ulr dsr usr,RIME,automatically detected as rime-affected (bav),https://github.com/GEUS-Glaciology-and-Climate/PROMICE-AWS-data-issues/issues/61
NUK_L,2016-03-27T00:00:00+00:00,2016-04-02T00:00:00+00:00,dlr ulr dsr usr,RIME,automatically detected as rime-affected (bav),https://github.com/GEUS-Glaciology-and-Climate/PROMICE-AWS-data-issues/issues/61
NUK_L,2016-10-11T00:00:00+00:00,2016-10-13T00:00:00+00:00,dlr ulr dsr usr,RIME,automatically detected as rime-affected (bav),https://github.com/GEUS-Glaciology-and-Climate/PROMICE-AWS-data-issues/issues/61
NUK_L,2016-11-22T00:00:00+00:00,2016-11-24T00:00:00+00:00,dlr ulr dsr usr,RIME,automatically detected as rime-affected (bav),https://github.com/GEUS-Glaciology-and-Climate/PROMICE-AWS-data-issues/issues/61
NUK_L,2017-03-07T00:00:00+00:00,2017-03-09T00:00:00+00:00,dlr ulr dsr usr,RIME,automatically detected as rime-affected (bav),https://github.com/GEUS-Glaciology-and-Climate/PROMICE-AWS-data-issues/issues/61
NUK_L,2018-01-14T00:00:00+00:00,2018-01-16T00:00:00+00:00,dlr ulr dsr usr,RIME,automatically detected as rime-affected (bav),https://github.com/GEUS-Glaciology-and-Climate/PROMICE-AWS-data-issues/issues/61
NUK_L,2019-12-31T00:00:00+00:00,2020-01-02T00:00:00+00:00,dlr ulr dsr usr,RIME,automatically detected as rime-affected (bav),https://github.com/GEUS-Glaciology-and-Climate/PROMICE-AWS-data-issues/issues/61
NUK_L,2020-02-07T00:00:00+00:00,2020-02-10T00:00:00+00:00,dlr ulr dsr usr,RIME,automatically detected as rime-affected (bav),https://github.com/GEUS-Glaciology-and-Climate/PROMICE-AWS-data-issues/issues/61
NUK_L,2021-01-12T00:00:00+00:00,2021-01-15T00:00:00+00:00,dlr ulr dsr usr,RIME,automatically detected as rime-affected (bav),https://github.com/GEUS-Glaciology-and-Climate/PROMICE-AWS-data-issues/issues/61
NUK_L,2021-02-19T00:00:00+00:00,2021-02-22T00:00:00+00:00,dlr ulr dsr usr,RIME,automatically detected as rime-affected (bav),https://github.com/GEUS-Glaciology-and-Climate/PROMICE-AWS-data-issues/issues/61
NUK_L,2021-03-21T00:00:00+00:00,2021-03-23T00:00:00+00:00,dlr ulr dsr usr,RIME,automatically detected as rime-affected (bav),https://github.com/GEUS-Glaciology-and-Climate/PROMICE-AWS-data-issues/issues/61
NUK_L,2022-01-10T00:00:00+00:00,2022-01-13T00:00:00+00:00,dlr ulr dsr usr,RIME,automatically detected as rime-affected (bav),https://github.com/GEUS-Glaciology-and-Climate/PROMICE-AWS-data-issues/issues/61
NUK_L,2022-02-15T00:00:00+00:00,2022-02-17T00:00:00+00:00,dlr ulr dsr usr,RIME,automatically detected as rime-affected (bav),https://github.com/GEUS-Glaciology-and-Climate/PROMICE-AWS-data-issues/issues/61
NUK_L,2022-03-12T00:00:00+00:00,2022-03-14T00:00:00+00:00,dlr ulr dsr usr,RIME,automatically detected as rime-affected (bav),https://github.com/GEUS-Glaciology-and-Climate/PROMICE-AWS-data-issues/issues/61
NUK_L,2024-01-08T00:00:00+00:00,2024-01-12T00:00:00+00:00,dlr ulr dsr usr,RIME,automatically detected as rime-affected (bav),https://github.com/GEUS-Glaciology-and-Climate/PROMICE-AWS-data-issues/issues/61
NUK_L,2024-02-13T00:00:00+00:00,2024-02-15T00:00:00+00:00,dlr ulr dsr usr,RIME,automatically detected as rime-affected (bav),https://github.com/GEUS-Glaciology-and-Climate/PROMICE-AWS-data-issues/issues/61
NUK_L,2024-03-07T00:00:00+00:00,2024-03-10T00:00:00+00:00,dlr ulr dsr usr,RIME,automatically detected as rime-affected (bav),https://github.com/GEUS-Glaciology-and-Climate/PROMICE-AWS-data-issues/issues/61
NUK_N,2012-04-10T00:00:00+00:00,2012-04-12T00:00:00+00:00,dlr ulr dsr usr,RIME,automatically detected as rime-affected (bav),https://github.com/GEUS-Glaciology-and-Climate/PROMICE-AWS-data-issues/issues/61
NUK_N,2012-11-07T00:00:00+00:00,2012-11-09T00:00:00+00:00,dlr ulr dsr usr,RIME,automatically detected as rime-affected (bav),https://github.com/GEUS-Glaciology-and-Climate/PROMICE-AWS-data-issues/issues/61
NUK_N,2013-01-10T00:00:00+00:00,2013-01-12T00:00:00+00:00,dlr ulr dsr usr,RIME,automatically detected as rime-affected (bav),https://github.com/GEUS-Glaciology-and-Climate/PROMICE-AWS-data-issues/issues/61
NUK_N,2014-01-25T00:00:00+00:00,2014-01-27T00:00:00+00:00,dlr ulr dsr usr,RIME,automatically detected as rime-affected (bav),https://github.com/GEUS-Glaciology-and-Climate/PROMICE-AWS-data-issues/issues/61
NUK_N,2014-02-20T00:00:00+00:00,2014-02-24T00:00:00+00:00,dlr ulr dsr usr,RIME,automatically detected as rime-affected (bav),https://github.com/GEUS-Glaciology-and-Climate/PROMICE-AWS-data-issues/issues/61
NUK_U,2008-10-05T00:00:00+00:00,2008-10-07T00:00:00+00:00,dlr ulr dsr usr,RIME,automatically detected as rime-affected (bav),https://github.com/GEUS-Glaciology-and-Climate/PROMICE-AWS-data-issues/issues/61
NUK_U,2010-01-14T00:00:00+00:00,2010-01-16T00:00:00+00:00,dlr ulr dsr usr,RIME,automatically detected as rime-affected (bav),https://github.com/GEUS-Glaciology-and-Climate/PROMICE-AWS-data-issues/issues/61
NUK_U,2010-07-25T00:00:00+00:00,2010-07-27T00:00:00+00:00,dlr ulr dsr usr,RIME,automatically detected as rime-affected (bav),https://github.com/GEUS-Glaciology-and-Climate/PROMICE-AWS-data-issues/issues/61
NUK_U,2011-04-10T00:00:00+00:00,2011-06-11T00:00:00+00:00,dlr ulr dsr usr,RIME,automatically detected as rime-affected (bav),https://github.com/GEUS-Glaciology-and-Climate/PROMICE-AWS-data-issues/issues/61
NUK_U,2011-06-22T00:00:00+00:00,2011-06-24T00:00:00+00:00,dlr ulr dsr usr,RIME,automatically detected as rime-affected (bav),https://github.com/GEUS-Glaciology-and-Climate/PROMICE-AWS-data-issues/issues/61
NUK_U,2011-08-14T00:00:00+00:00,2011-08-24T00:00:00+00:00,dlr ulr dsr usr,RIME,automatically detected as rime-affected (bav),https://github.com/GEUS-Glaciology-and-Climate/PROMICE-AWS-data-issues/issues/61
NUK_U,2012-03-07T00:00:00+00:00,2012-03-09T00:00:00+00:00,dlr ulr dsr usr,RIME,automatically detected as rime-affected (bav),https://github.com/GEUS-Glaciology-and-Climate/PROMICE-AWS-data-issues/issues/61
NUK_U,2012-03-18T00:00:00+00:00,2012-03-20T00:00:00+00:00,dlr ulr dsr usr,RIME,automatically detected as rime-affected (bav),https://github.com/GEUS-Glaciology-and-Climate/PROMICE-AWS-data-issues/issues/61
NUK_U,2013-01-10T00:00:00+00:00,2013-01-13T00:00:00+00:00,dlr ulr dsr usr,RIME,automatically detected as rime-affected (bav),https://github.com/GEUS-Glaciology-and-Climate/PROMICE-AWS-data-issues/issues/61
NUK_U,2013-11-05T00:00:00+00:00,2013-11-07T00:00:00+00:00,dlr ulr dsr usr,RIME,automatically detected as rime-affected (bav),https://github.com/GEUS-Glaciology-and-Climate/PROMICE-AWS-data-issues/issues/61
NUK_U,2015-03-01T00:00:00+00:00,2015-03-03T00:00:00+00:00,dlr ulr dsr usr,RIME,automatically detected as rime-affected (bav),https://github.com/GEUS-Glaciology-and-Climate/PROMICE-AWS-data-issues/issues/61
NUK_U,2015-03-06T00:00:00+00:00,2015-03-11T00:00:00+00:00,dlr ulr dsr usr,RIME,automatically detected as rime-affected (bav),https://github.com/GEUS-Glaciology-and-Climate/PROMICE-AWS-data-issues/issues/61
NUK_U,2015-10-27T00:00:00+00:00,2015-10-30T00:00:00+00:00,dlr ulr dsr usr,RIME,automatically detected as rime-affected (bav),https://github.com/GEUS-Glaciology-and-Climate/PROMICE-AWS-data-issues/issues/61
NUK_U,2015-12-21T00:00:00+00:00,2015-12-23T00:00:00+00:00,dlr ulr dsr usr,RIME,automatically detected as rime-affected (bav),https://github.com/GEUS-Glaciology-and-Climate/PROMICE-AWS-data-issues/issues/61
NUK_U,2016-01-24T00:00:00+00:00,2016-01-28T00:00:00+00:00,dlr ulr dsr usr,RIME,automatically detected as rime-affected (bav),https://github.com/GEUS-Glaciology-and-Climate/PROMICE-AWS-data-issues/issues/61
NUK_U,2016-03-28T00:00:00+00:00,2016-04-02T00:00:00+00:00,dlr ulr dsr usr,RIME,automatically detected as rime-affected (bav),https://github.com/GEUS-Glaciology-and-Climate/PROMICE-AWS-data-issues/issues/61
NUK_U,2017-09-23T00:00:00+00:00,2017-09-25T00:00:00+00:00,dlr ulr dsr usr,RIME,automatically detected as rime-affected (bav),https://github.com/GEUS-Glaciology-and-Climate/PROMICE-AWS-data-issues/issues/61
NUK_U,2018-01-14T00:00:00+00:00,2018-01-17T00:00:00+00:00,dlr ulr dsr usr,RIME,automatically detected as rime-affected (bav),https://github.com/GEUS-Glaciology-and-Climate/PROMICE-AWS-data-issues/issues/61
NUK_U,2018-12-07T00:00:00+00:00,2018-12-09T00:00:00+00:00,dlr ulr dsr usr,RIME,automatically detected as rime-affected (bav),https://github.com/GEUS-Glaciology-and-Climate/PROMICE-AWS-data-issues/issues/61
NUK_U,2022-02-16T00:00:00+00:00,2022-02-27T00:00:00+00:00,dlr ulr dsr usr,RIME,automatically detected as rime-affected (bav),https://github.com/GEUS-Glaciology-and-Climate/PROMICE-AWS-data-issues/issues/61
NUK_U,2022-04-14T00:00:00+00:00,2022-04-16T00:00:00+00:00,dlr ulr dsr usr,RIME,automatically detected as rime-affected (bav),https://github.com/GEUS-Glaciology-and-Climate/PROMICE-AWS-data-issues/issues/61
NUK_Uv3,2021-02-14T00:00:00+00:00,2021-02-16T00:00:00+00:00,dlr ulr dsr usr,RIME,automatically detected as rime-affected (bav),https://github.com/GEUS-Glaciology-and-Climate/PROMICE-AWS-data-issues/issues/61
NUK_Uv3,2021-04-15T00:00:00+00:00,2021-04-18T00:00:00+00:00,dlr ulr dsr usr,RIME,automatically detected as rime-affected (bav),https://github.com/GEUS-Glaciology-and-Climate/PROMICE-AWS-data-issues/issues/61
NUK_Uv3,2022-02-16T00:00:00+00:00,2022-02-27T00:00:00+00:00,dlr ulr dsr usr,RIME,automatically detected as rime-affected (bav),https://github.com/GEUS-Glaciology-and-Climate/PROMICE-AWS-data-issues/issues/61
NUK_Uv3,2022-03-12T00:00:00+00:00,2022-03-14T00:00:00+00:00,dlr ulr dsr usr,RIME,automatically detected as rime-affected (bav),https://github.com/GEUS-Glaciology-and-Climate/PROMICE-AWS-data-issues/issues/61
NUK_Uv3,2022-04-14T00:00:00+00:00,2022-04-16T00:00:00+00:00,dlr ulr dsr usr,RIME,automatically detected as rime-affected (bav),https://github.com/GEUS-Glaciology-and-Climate/PROMICE-AWS-data-issues/issues/61
NUK_Uv3,2022-11-16T00:00:00+00:00,2022-11-18T00:00:00+00:00,dlr ulr dsr usr,RIME,automatically detected as rime-affected (bav),https://github.com/GEUS-Glaciology-and-Climate/PROMICE-AWS-data-issues/issues/61
NUK_Uv3,2023-01-19T00:00:00+00:00,2023-01-22T00:00:00+00:00,dlr ulr dsr usr,RIME,automatically detected as rime-affected (bav),https://github.com/GEUS-Glaciology-and-Climate/PROMICE-AWS-data-issues/issues/61
NUK_Uv3,2023-02-10T00:00:00+00:00,2023-02-12T00:00:00+00:00,dlr ulr dsr usr,RIME,automatically detected as rime-affected (bav),https://github.com/GEUS-Glaciology-and-Climate/PROMICE-AWS-data-issues/issues/61
NUK_Uv3,2023-12-20T00:00:00+00:00,2023-12-22T00:00:00+00:00,dlr ulr dsr usr,RIME,automatically detected as rime-affected (bav),https://github.com/GEUS-Glaciology-and-Climate/PROMICE-AWS-data-issues/issues/61
NUK_Uv3,2024-02-13T00:00:00+00:00,2024-02-15T00:00:00+00:00,dlr ulr dsr usr,RIME,automatically detected as rime-affected (bav),https://github.com/GEUS-Glaciology-and-Climate/PROMICE-AWS-data-issues/issues/61
NUK_Uv3,2024-03-08T00:00:00+00:00,2024-03-10T00:00:00+00:00,dlr ulr dsr usr,RIME,automatically detected as rime-affected (bav),https://github.com/GEUS-Glaciology-and-Climate/PROMICE-AWS-data-issues/issues/61
QAS_A,2014-04-11T00:00:00+00:00,2014-04-14T00:00:00+00:00,dlr ulr dsr usr,RIME,automatically detected as rime-affected (bav),https://github.com/GEUS-Glaciology-and-Climate/PROMICE-AWS-data-issues/issues/61
QAS_A,2014-04-19T00:00:00+00:00,2014-04-24T00:00:00+00:00,dlr ulr dsr usr,RIME,automatically detected as rime-affected (bav),https://github.com/GEUS-Glaciology-and-Climate/PROMICE-AWS-data-issues/issues/61
QAS_A,2015-01-22T00:00:00+00:00,2015-01-24T00:00:00+00:00,dlr ulr dsr usr,RIME,automatically detected as rime-affected (bav),https://github.com/GEUS-Glaciology-and-Climate/PROMICE-AWS-data-issues/issues/61
QAS_L,2007-11-16T00:00:00+00:00,2007-11-20T00:00:00+00:00,dlr ulr dsr usr,RIME,automatically detected as rime-affected (bav),https://github.com/GEUS-Glaciology-and-Climate/PROMICE-AWS-data-issues/issues/61
QAS_L,2007-11-26T00:00:00+00:00,2007-11-28T00:00:00+00:00,dlr ulr dsr usr,RIME,automatically detected as rime-affected (bav),https://github.com/GEUS-Glaciology-and-Climate/PROMICE-AWS-data-issues/issues/61
QAS_L,2009-01-29T00:00:00+00:00,2009-01-31T00:00:00+00:00,dlr ulr dsr usr,RIME,automatically detected as rime-affected (bav),https://github.com/GEUS-Glaciology-and-Climate/PROMICE-AWS-data-issues/issues/61
QAS_L,2010-03-10T00:00:00+00:00,2010-03-12T00:00:00+00:00,dlr ulr dsr usr,RIME,automatically detected as rime-affected (bav),https://github.com/GEUS-Glaciology-and-Climate/PROMICE-AWS-data-issues/issues/61
QAS_L,2012-02-08T00:00:00+00:00,2012-02-11T00:00:00+00:00,dlr ulr dsr usr,RIME,automatically detected as rime-affected (bav),https://github.com/GEUS-Glaciology-and-Climate/PROMICE-AWS-data-issues/issues/61
QAS_L,2015-02-05T00:00:00+00:00,2015-02-10T00:00:00+00:00,dlr ulr dsr usr,RIME,automatically detected as rime-affected (bav),https://github.com/GEUS-Glaciology-and-Climate/PROMICE-AWS-data-issues/issues/61
QAS_L,2015-12-15T00:00:00+00:00,2015-12-17T00:00:00+00:00,dlr ulr dsr usr,RIME,automatically detected as rime-affected (bav),https://github.com/GEUS-Glaciology-and-Climate/PROMICE-AWS-data-issues/issues/61
QAS_L,2016-03-05T00:00:00+00:00,2016-03-07T00:00:00+00:00,dlr ulr dsr usr,RIME,automatically detected as rime-affected (bav),https://github.com/GEUS-Glaciology-and-Climate/PROMICE-AWS-data-issues/issues/61
QAS_L,2017-02-12T00:00:00+00:00,2017-02-15T00:00:00+00:00,dlr ulr dsr usr,RIME,automatically detected as rime-affected (bav),https://github.com/GEUS-Glaciology-and-Climate/PROMICE-AWS-data-issues/issues/61
QAS_L,2017-12-01T00:00:00+00:00,2017-12-04T00:00:00+00:00,dlr ulr dsr usr,RIME,automatically detected as rime-affected (bav),https://github.com/GEUS-Glaciology-and-Climate/PROMICE-AWS-data-issues/issues/61
QAS_L,2020-10-28T00:00:00+00:00,2020-10-30T00:00:00+00:00,dlr ulr dsr usr,RIME,automatically detected as rime-affected (bav),https://github.com/GEUS-Glaciology-and-Climate/PROMICE-AWS-data-issues/issues/61
QAS_L,2022-01-17T00:00:00+00:00,2022-01-22T00:00:00+00:00,dlr ulr dsr usr,RIME,automatically detected as rime-affected (bav),https://github.com/GEUS-Glaciology-and-Climate/PROMICE-AWS-data-issues/issues/61
QAS_L,2022-11-07T00:00:00+00:00,2022-11-11T00:00:00+00:00,dlr ulr dsr usr,RIME,automatically detected as rime-affected (bav),https://github.com/GEUS-Glaciology-and-Climate/PROMICE-AWS-data-issues/issues/61
QAS_L,2023-11-03T00:00:00+00:00,2023-11-05T00:00:00+00:00,dlr ulr dsr usr,RIME,automatically detected as rime-affected (bav),https://github.com/GEUS-Glaciology-and-Climate/PROMICE-AWS-data-issues/issues/61
QAS_Lv3,2022-11-10T00:00:00+00:00,2022-11-12T00:00:00+00:00,dlr ulr dsr usr,RIME,automatically detected as rime-affected (bav),https://github.com/GEUS-Glaciology-and-Climate/PROMICE-AWS-data-issues/issues/61
QAS_Lv3,2023-11-03T00:00:00+00:00,2023-11-05T00:00:00+00:00,dlr ulr dsr usr,RIME,automatically detected as rime-affected (bav),https://github.com/GEUS-Glaciology-and-Climate/PROMICE-AWS-data-issues/issues/61
QAS_M,2017-04-26T00:00:00+00:00,2017-05-03T00:00:00+00:00,dlr ulr dsr usr,RIME,automatically detected as rime-affected (bav),https://github.com/GEUS-Glaciology-and-Climate/PROMICE-AWS-data-issues/issues/61
QAS_M,2017-12-01T00:00:00+00:00,2017-12-04T00:00:00+00:00,dlr ulr dsr usr,RIME,automatically detected as rime-affected (bav),https://github.com/GEUS-Glaciology-and-Climate/PROMICE-AWS-data-issues/issues/61
QAS_M,2019-03-25T00:00:00+00:00,2019-04-29T00:00:00+00:00,dlr ulr dsr usr,RIME,automatically detected as rime-affected (bav),https://github.com/GEUS-Glaciology-and-Climate/PROMICE-AWS-data-issues/issues/61
QAS_M,2020-11-04T00:00:00+00:00,2020-11-08T00:00:00+00:00,dlr ulr dsr usr,RIME,automatically detected as rime-affected (bav),https://github.com/GEUS-Glaciology-and-Climate/PROMICE-AWS-data-issues/issues/61
QAS_M,2020-12-19T00:00:00+00:00,2020-12-22T00:00:00+00:00,dlr ulr dsr usr,RIME,automatically detected as rime-affected (bav),https://github.com/GEUS-Glaciology-and-Climate/PROMICE-AWS-data-issues/issues/61
QAS_M,2021-11-05T00:00:00+00:00,2021-11-07T00:00:00+00:00,dlr ulr dsr usr,RIME,automatically detected as rime-affected (bav),https://github.com/GEUS-Glaciology-and-Climate/PROMICE-AWS-data-issues/issues/61
QAS_M,2022-01-17T00:00:00+00:00,2022-01-19T00:00:00+00:00,dlr ulr dsr usr,RIME,automatically detected as rime-affected (bav),https://github.com/GEUS-Glaciology-and-Climate/PROMICE-AWS-data-issues/issues/61
QAS_M,2022-02-13T00:00:00+00:00,2022-04-02T00:00:00+00:00,dlr ulr dsr usr,RIME,automatically detected as rime-affected (bav),https://github.com/GEUS-Glaciology-and-Climate/PROMICE-AWS-data-issues/issues/61
QAS_Mv3,2023-11-03T00:00:00+00:00,2023-11-05T00:00:00+00:00,dlr ulr dsr usr,RIME,automatically detected as rime-affected (bav),https://github.com/GEUS-Glaciology-and-Climate/PROMICE-AWS-data-issues/issues/61
QAS_U,2008-10-31T00:00:00+00:00,2008-11-04T00:00:00+00:00,dlr ulr dsr usr,RIME,automatically detected as rime-affected (bav),https://github.com/GEUS-Glaciology-and-Climate/PROMICE-AWS-data-issues/issues/61
QAS_U,2008-11-25T00:00:00+00:00,2008-11-27T00:00:00+00:00,dlr ulr dsr usr,RIME,automatically detected as rime-affected (bav),https://github.com/GEUS-Glaciology-and-Climate/PROMICE-AWS-data-issues/issues/61
QAS_U,2008-12-27T00:00:00+00:00,2008-12-29T00:00:00+00:00,dlr ulr dsr usr,RIME,automatically detected as rime-affected (bav),https://github.com/GEUS-Glaciology-and-Climate/PROMICE-AWS-data-issues/issues/61
QAS_U,2009-04-25T00:00:00+00:00,2009-05-25T00:00:00+00:00,dlr ulr dsr usr,RIME,automatically detected as rime-affected (bav),https://github.com/GEUS-Glaciology-and-Climate/PROMICE-AWS-data-issues/issues/61
QAS_U,2010-04-14T00:00:00+00:00,2010-04-18T00:00:00+00:00,dlr ulr dsr usr,RIME,automatically detected as rime-affected (bav),https://github.com/GEUS-Glaciology-and-Climate/PROMICE-AWS-data-issues/issues/61
QAS_U,2012-02-14T00:00:00+00:00,2012-03-26T00:00:00+00:00,dlr ulr dsr usr,RIME,automatically detected as rime-affected (bav),https://github.com/GEUS-Glaciology-and-Climate/PROMICE-AWS-data-issues/issues/61
QAS_U,2012-04-08T00:00:00+00:00,2012-05-16T00:00:00+00:00,dlr ulr dsr usr,RIME,automatically detected as rime-affected (bav),https://github.com/GEUS-Glaciology-and-Climate/PROMICE-AWS-data-issues/issues/61
QAS_U,2012-05-19T00:00:00+00:00,2012-05-30T00:00:00+00:00,dlr ulr dsr usr,RIME,automatically detected as rime-affected (bav),https://github.com/GEUS-Glaciology-and-Climate/PROMICE-AWS-data-issues/issues/61
QAS_U,2013-11-30T00:00:00+00:00,2013-12-05T00:00:00+00:00,dlr ulr dsr usr,RIME,automatically detected as rime-affected (bav),https://github.com/GEUS-Glaciology-and-Climate/PROMICE-AWS-data-issues/issues/61
QAS_U,2014-04-18T00:00:00+00:00,2014-04-25T00:00:00+00:00,dlr ulr dsr usr,RIME,automatically detected as rime-affected (bav),https://github.com/GEUS-Glaciology-and-Climate/PROMICE-AWS-data-issues/issues/61
QAS_U,2015-11-21T00:00:00+00:00,2015-11-23T00:00:00+00:00,dlr ulr dsr usr,RIME,automatically detected as rime-affected (bav),https://github.com/GEUS-Glaciology-and-Climate/PROMICE-AWS-data-issues/issues/61
QAS_U,2017-04-11T00:00:00+00:00,2017-04-22T00:00:00+00:00,dlr ulr dsr usr,RIME,automatically detected as rime-affected (bav),https://github.com/GEUS-Glaciology-and-Climate/PROMICE-AWS-data-issues/issues/61
QAS_U,2017-04-26T00:00:00+00:00,2017-05-06T00:00:00+00:00,dlr ulr dsr usr,RIME,automatically detected as rime-affected (bav),https://github.com/GEUS-Glaciology-and-Climate/PROMICE-AWS-data-issues/issues/61
QAS_U,2017-11-02T00:00:00+00:00,2017-11-06T00:00:00+00:00,dlr ulr dsr usr,RIME,automatically detected as rime-affected (bav),https://github.com/GEUS-Glaciology-and-Climate/PROMICE-AWS-data-issues/issues/61
QAS_U,2017-12-03T00:00:00+00:00,2017-12-05T00:00:00+00:00,dlr ulr dsr usr,RIME,automatically detected as rime-affected (bav),https://github.com/GEUS-Glaciology-and-Climate/PROMICE-AWS-data-issues/issues/61
QAS_U,2019-03-20T00:00:00+00:00,2019-03-28T00:00:00+00:00,dlr ulr dsr usr,RIME,automatically detected as rime-affected (bav),https://github.com/GEUS-Glaciology-and-Climate/PROMICE-AWS-data-issues/issues/61
QAS_U,2020-05-04T00:00:00+00:00,2020-05-09T00:00:00+00:00,dlr ulr dsr usr,RIME,automatically detected as rime-affected (bav),https://github.com/GEUS-Glaciology-and-Climate/PROMICE-AWS-data-issues/issues/61
QAS_U,2020-12-20T00:00:00+00:00,2020-12-25T00:00:00+00:00,dlr ulr dsr usr,RIME,automatically detected as rime-affected (bav),https://github.com/GEUS-Glaciology-and-Climate/PROMICE-AWS-data-issues/issues/61
QAS_U,2020-12-29T00:00:00+00:00,2020-12-31T00:00:00+00:00,dlr ulr dsr usr,RIME,automatically detected as rime-affected (bav),https://github.com/GEUS-Glaciology-and-Climate/PROMICE-AWS-data-issues/issues/61
QAS_U,2021-11-05T00:00:00+00:00,2021-11-07T00:00:00+00:00,dlr ulr dsr usr,RIME,automatically detected as rime-affected (bav),https://github.com/GEUS-Glaciology-and-Climate/PROMICE-AWS-data-issues/issues/61
QAS_U,2022-01-11T00:00:00+00:00,2022-01-19T00:00:00+00:00,dlr ulr dsr usr,RIME,automatically detected as rime-affected (bav),https://github.com/GEUS-Glaciology-and-Climate/PROMICE-AWS-data-issues/issues/61
QAS_U,2022-02-01T00:00:00+00:00,2022-02-11T00:00:00+00:00,dlr ulr dsr usr,RIME,automatically detected as rime-affected (bav),https://github.com/GEUS-Glaciology-and-Climate/PROMICE-AWS-data-issues/issues/61
QAS_U,2022-02-14T00:00:00+00:00,2022-04-21T00:00:00+00:00,dlr ulr dsr usr,RIME,automatically detected as rime-affected (bav),https://github.com/GEUS-Glaciology-and-Climate/PROMICE-AWS-data-issues/issues/61
QAS_U,2022-04-24T00:00:00+00:00,2022-05-17T00:00:00+00:00,dlr ulr dsr usr,RIME,automatically detected as rime-affected (bav),https://github.com/GEUS-Glaciology-and-Climate/PROMICE-AWS-data-issues/issues/61
QAS_U,2022-10-29T00:00:00+00:00,2022-10-31T00:00:00+00:00,dlr ulr dsr usr,RIME,automatically detected as rime-affected (bav),https://github.com/GEUS-Glaciology-and-Climate/PROMICE-AWS-data-issues/issues/61
QAS_Uv3,2020-10-19T00:00:00+00:00,2020-10-21T00:00:00+00:00,dlr ulr dsr usr,RIME,automatically detected as rime-affected (bav),https://github.com/GEUS-Glaciology-and-Climate/PROMICE-AWS-data-issues/issues/61
QAS_Uv3,2020-12-19T00:00:00+00:00,2020-12-26T00:00:00+00:00,dlr ulr dsr usr,RIME,automatically detected as rime-affected (bav),https://github.com/GEUS-Glaciology-and-Climate/PROMICE-AWS-data-issues/issues/61
QAS_Uv3,2021-11-06T00:00:00+00:00,2021-11-08T00:00:00+00:00,dlr ulr dsr usr,RIME,automatically detected as rime-affected (bav),https://github.com/GEUS-Glaciology-and-Climate/PROMICE-AWS-data-issues/issues/61
QAS_Uv3,2023-12-18T00:00:00+00:00,2023-12-22T00:00:00+00:00,dlr ulr dsr usr,RIME,automatically detected as rime-affected (bav),https://github.com/GEUS-Glaciology-and-Climate/PROMICE-AWS-data-issues/issues/61
SCO_L,2008-11-05T00:00:00+00:00,2008-11-10T00:00:00+00:00,dlr ulr dsr usr,RIME,automatically detected as rime-affected (bav),https://github.com/GEUS-Glaciology-and-Climate/PROMICE-AWS-data-issues/issues/61
SCO_L,2009-01-10T00:00:00+00:00,2009-01-12T00:00:00+00:00,dlr ulr dsr usr,RIME,automatically detected as rime-affected (bav),https://github.com/GEUS-Glaciology-and-Climate/PROMICE-AWS-data-issues/issues/61
SCO_L,2009-02-16T00:00:00+00:00,2009-02-24T00:00:00+00:00,dlr ulr dsr usr,RIME,automatically detected as rime-affected (bav),https://github.com/GEUS-Glaciology-and-Climate/PROMICE-AWS-data-issues/issues/61
SCO_L,2009-03-21T00:00:00+00:00,2009-03-27T00:00:00+00:00,dlr ulr dsr usr,RIME,automatically detected as rime-affected (bav),https://github.com/GEUS-Glaciology-and-Climate/PROMICE-AWS-data-issues/issues/61
SCO_L,2009-04-05T00:00:00+00:00,2009-04-09T00:00:00+00:00,dlr ulr dsr usr,RIME,automatically detected as rime-affected (bav),https://github.com/GEUS-Glaciology-and-Climate/PROMICE-AWS-data-issues/issues/61
SCO_L,2009-04-16T00:00:00+00:00,2009-04-18T00:00:00+00:00,dlr ulr dsr usr,RIME,automatically detected as rime-affected (bav),https://github.com/GEUS-Glaciology-and-Climate/PROMICE-AWS-data-issues/issues/61
SCO_L,2009-04-21T00:00:00+00:00,2009-04-23T00:00:00+00:00,dlr ulr dsr usr,RIME,automatically detected as rime-affected (bav),https://github.com/GEUS-Glaciology-and-Climate/PROMICE-AWS-data-issues/issues/61
SCO_L,2009-09-18T00:00:00+00:00,2009-09-20T00:00:00+00:00,dlr ulr dsr usr,RIME,automatically detected as rime-affected (bav),https://github.com/GEUS-Glaciology-and-Climate/PROMICE-AWS-data-issues/issues/61
SCO_L,2009-10-13T00:00:00+00:00,2009-10-16T00:00:00+00:00,dlr ulr dsr usr,RIME,automatically detected as rime-affected (bav),https://github.com/GEUS-Glaciology-and-Climate/PROMICE-AWS-data-issues/issues/61
SCO_L,2009-10-30T00:00:00+00:00,2009-11-02T00:00:00+00:00,dlr ulr dsr usr,RIME,automatically detected as rime-affected (bav),https://github.com/GEUS-Glaciology-and-Climate/PROMICE-AWS-data-issues/issues/61
SCO_L,2009-11-05T00:00:00+00:00,2009-11-09T00:00:00+00:00,dlr ulr dsr usr,RIME,automatically detected as rime-affected (bav),https://github.com/GEUS-Glaciology-and-Climate/PROMICE-AWS-data-issues/issues/61
SCO_L,2010-01-15T00:00:00+00:00,2010-01-22T00:00:00+00:00,dlr ulr dsr usr,RIME,automatically detected as rime-affected (bav),https://github.com/GEUS-Glaciology-and-Climate/PROMICE-AWS-data-issues/issues/61
SCO_L,2010-03-04T00:00:00+00:00,2010-03-07T00:00:00+00:00,dlr ulr dsr usr,RIME,automatically detected as rime-affected (bav),https://github.com/GEUS-Glaciology-and-Climate/PROMICE-AWS-data-issues/issues/61
SCO_L,2010-12-08T00:00:00+00:00,2010-12-10T00:00:00+00:00,dlr ulr dsr usr,RIME,automatically detected as rime-affected (bav),https://github.com/GEUS-Glaciology-and-Climate/PROMICE-AWS-data-issues/issues/61
SCO_L,2011-01-16T00:00:00+00:00,2011-01-21T00:00:00+00:00,dlr ulr dsr usr,RIME,automatically detected as rime-affected (bav),https://github.com/GEUS-Glaciology-and-Climate/PROMICE-AWS-data-issues/issues/61
SCO_L,2011-02-25T00:00:00+00:00,2011-02-27T00:00:00+00:00,dlr ulr dsr usr,RIME,automatically detected as rime-affected (bav),https://github.com/GEUS-Glaciology-and-Climate/PROMICE-AWS-data-issues/issues/61
SCO_L,2011-04-06T00:00:00+00:00,2011-04-18T00:00:00+00:00,dlr ulr dsr usr,RIME,automatically detected as rime-affected (bav),https://github.com/GEUS-Glaciology-and-Climate/PROMICE-AWS-data-issues/issues/61
SCO_L,2011-10-20T00:00:00+00:00,2011-10-23T00:00:00+00:00,dlr ulr dsr usr,RIME,automatically detected as rime-affected (bav),https://github.com/GEUS-Glaciology-and-Climate/PROMICE-AWS-data-issues/issues/61
SCO_L,2011-10-26T00:00:00+00:00,2011-10-28T00:00:00+00:00,dlr ulr dsr usr,RIME,automatically detected as rime-affected (bav),https://github.com/GEUS-Glaciology-and-Climate/PROMICE-AWS-data-issues/issues/61
SCO_L,2011-11-04T00:00:00+00:00,2011-11-12T00:00:00+00:00,dlr ulr dsr usr,RIME,automatically detected as rime-affected (bav),https://github.com/GEUS-Glaciology-and-Climate/PROMICE-AWS-data-issues/issues/61
SCO_L,2011-12-21T00:00:00+00:00,2011-12-23T00:00:00+00:00,dlr ulr dsr usr,RIME,automatically detected as rime-affected (bav),https://github.com/GEUS-Glaciology-and-Climate/PROMICE-AWS-data-issues/issues/61
SCO_L,2012-01-14T00:00:00+00:00,2012-01-16T00:00:00+00:00,dlr ulr dsr usr,RIME,automatically detected as rime-affected (bav),https://github.com/GEUS-Glaciology-and-Climate/PROMICE-AWS-data-issues/issues/61
SCO_L,2012-01-30T00:00:00+00:00,2012-02-01T00:00:00+00:00,dlr ulr dsr usr,RIME,automatically detected as rime-affected (bav),https://github.com/GEUS-Glaciology-and-Climate/PROMICE-AWS-data-issues/issues/61
SCO_L,2012-02-26T00:00:00+00:00,2012-02-29T00:00:00+00:00,dlr ulr dsr usr,RIME,automatically detected as rime-affected (bav),https://github.com/GEUS-Glaciology-and-Climate/PROMICE-AWS-data-issues/issues/61
SCO_L,2012-03-04T00:00:00+00:00,2012-03-08T00:00:00+00:00,dlr ulr dsr usr,RIME,automatically detected as rime-affected (bav),https://github.com/GEUS-Glaciology-and-Climate/PROMICE-AWS-data-issues/issues/61
SCO_L,2012-04-08T00:00:00+00:00,2012-04-10T00:00:00+00:00,dlr ulr dsr usr,RIME,automatically detected as rime-affected (bav),https://github.com/GEUS-Glaciology-and-Climate/PROMICE-AWS-data-issues/issues/61
SCO_L,2012-10-06T00:00:00+00:00,2012-10-08T00:00:00+00:00,dlr ulr dsr usr,RIME,automatically detected as rime-affected (bav),https://github.com/GEUS-Glaciology-and-Climate/PROMICE-AWS-data-issues/issues/61
SCO_L,2013-01-18T00:00:00+00:00,2013-01-20T00:00:00+00:00,dlr ulr dsr usr,RIME,automatically detected as rime-affected (bav),https://github.com/GEUS-Glaciology-and-Climate/PROMICE-AWS-data-issues/issues/61
SCO_L,2013-02-09T00:00:00+00:00,2013-02-12T00:00:00+00:00,dlr ulr dsr usr,RIME,automatically detected as rime-affected (bav),https://github.com/GEUS-Glaciology-and-Climate/PROMICE-AWS-data-issues/issues/61
SCO_L,2013-02-25T00:00:00+00:00,2013-03-04T00:00:00+00:00,dlr ulr dsr usr,RIME,automatically detected as rime-affected (bav),https://github.com/GEUS-Glaciology-and-Climate/PROMICE-AWS-data-issues/issues/61
SCO_L,2014-01-24T00:00:00+00:00,2014-01-26T00:00:00+00:00,dlr ulr dsr usr,RIME,automatically detected as rime-affected (bav),https://github.com/GEUS-Glaciology-and-Climate/PROMICE-AWS-data-issues/issues/61
SCO_L,2014-03-13T00:00:00+00:00,2014-03-15T00:00:00+00:00,dlr ulr dsr usr,RIME,automatically detected as rime-affected (bav),https://github.com/GEUS-Glaciology-and-Climate/PROMICE-AWS-data-issues/issues/61
SCO_L,2014-03-21T00:00:00+00:00,2014-03-27T00:00:00+00:00,dlr ulr dsr usr,RIME,automatically detected as rime-affected (bav),https://github.com/GEUS-Glaciology-and-Climate/PROMICE-AWS-data-issues/issues/61
SCO_L,2014-04-07T00:00:00+00:00,2014-04-09T00:00:00+00:00,dlr ulr dsr usr,RIME,automatically detected as rime-affected (bav),https://github.com/GEUS-Glaciology-and-Climate/PROMICE-AWS-data-issues/issues/61
SCO_L,2014-12-30T00:00:00+00:00,2015-01-01T00:00:00+00:00,dlr ulr dsr usr,RIME,automatically detected as rime-affected (bav),https://github.com/GEUS-Glaciology-and-Climate/PROMICE-AWS-data-issues/issues/61
SCO_L,2015-01-22T00:00:00+00:00,2015-01-26T00:00:00+00:00,dlr ulr dsr usr,RIME,automatically detected as rime-affected (bav),https://github.com/GEUS-Glaciology-and-Climate/PROMICE-AWS-data-issues/issues/61
SCO_L,2015-02-09T00:00:00+00:00,2015-02-11T00:00:00+00:00,dlr ulr dsr usr,RIME,automatically detected as rime-affected (bav),https://github.com/GEUS-Glaciology-and-Climate/PROMICE-AWS-data-issues/issues/61
SCO_L,2015-03-26T00:00:00+00:00,2015-03-29T00:00:00+00:00,dlr ulr dsr usr,RIME,automatically detected as rime-affected (bav),https://github.com/GEUS-Glaciology-and-Climate/PROMICE-AWS-data-issues/issues/61
SCO_L,2015-09-21T00:00:00+00:00,2015-09-28T00:00:00+00:00,dlr ulr dsr usr,RIME,automatically detected as rime-affected (bav),https://github.com/GEUS-Glaciology-and-Climate/PROMICE-AWS-data-issues/issues/61
SCO_L,2015-10-29T00:00:00+00:00,2015-11-04T00:00:00+00:00,dlr ulr dsr usr,RIME,automatically detected as rime-affected (bav),https://github.com/GEUS-Glaciology-and-Climate/PROMICE-AWS-data-issues/issues/61
SCO_L,2015-11-07T00:00:00+00:00,2015-11-10T00:00:00+00:00,dlr ulr dsr usr,RIME,automatically detected as rime-affected (bav),https://github.com/GEUS-Glaciology-and-Climate/PROMICE-AWS-data-issues/issues/61
SCO_L,2015-12-15T00:00:00+00:00,2015-12-18T00:00:00+00:00,dlr ulr dsr usr,RIME,automatically detected as rime-affected (bav),https://github.com/GEUS-Glaciology-and-Climate/PROMICE-AWS-data-issues/issues/61
SCO_L,2016-01-09T00:00:00+00:00,2016-01-11T00:00:00+00:00,dlr ulr dsr usr,RIME,automatically detected as rime-affected (bav),https://github.com/GEUS-Glaciology-and-Climate/PROMICE-AWS-data-issues/issues/61
SCO_L,2016-03-07T00:00:00+00:00,2016-03-11T00:00:00+00:00,dlr ulr dsr usr,RIME,automatically detected as rime-affected (bav),https://github.com/GEUS-Glaciology-and-Climate/PROMICE-AWS-data-issues/issues/61
SCO_L,2016-03-19T00:00:00+00:00,2016-03-24T00:00:00+00:00,dlr ulr dsr usr,RIME,automatically detected as rime-affected (bav),https://github.com/GEUS-Glaciology-and-Climate/PROMICE-AWS-data-issues/issues/61
SCO_L,2016-04-16T00:00:00+00:00,2016-04-19T00:00:00+00:00,dlr ulr dsr usr,RIME,automatically detected as rime-affected (bav),https://github.com/GEUS-Glaciology-and-Climate/PROMICE-AWS-data-issues/issues/61
SCO_L,2016-10-23T00:00:00+00:00,2016-10-25T00:00:00+00:00,dlr ulr dsr usr,RIME,automatically detected as rime-affected (bav),https://github.com/GEUS-Glaciology-and-Climate/PROMICE-AWS-data-issues/issues/61
SCO_L,2016-11-27T00:00:00+00:00,2016-11-29T00:00:00+00:00,dlr ulr dsr usr,RIME,automatically detected as rime-affected (bav),https://github.com/GEUS-Glaciology-and-Climate/PROMICE-AWS-data-issues/issues/61
SCO_L,2016-12-07T00:00:00+00:00,2016-12-09T00:00:00+00:00,dlr ulr dsr usr,RIME,automatically detected as rime-affected (bav),https://github.com/GEUS-Glaciology-and-Climate/PROMICE-AWS-data-issues/issues/61
SCO_L,2016-12-15T00:00:00+00:00,2016-12-17T00:00:00+00:00,dlr ulr dsr usr,RIME,automatically detected as rime-affected (bav),https://github.com/GEUS-Glaciology-and-Climate/PROMICE-AWS-data-issues/issues/61
SCO_L,2017-01-21T00:00:00+00:00,2017-01-28T00:00:00+00:00,dlr ulr dsr usr,RIME,automatically detected as rime-affected (bav),https://github.com/GEUS-Glaciology-and-Climate/PROMICE-AWS-data-issues/issues/61
SCO_L,2017-02-08T00:00:00+00:00,2017-02-10T00:00:00+00:00,dlr ulr dsr usr,RIME,automatically detected as rime-affected (bav),https://github.com/GEUS-Glaciology-and-Climate/PROMICE-AWS-data-issues/issues/61
SCO_L,2017-02-14T00:00:00+00:00,2017-02-17T00:00:00+00:00,dlr ulr dsr usr,RIME,automatically detected as rime-affected (bav),https://github.com/GEUS-Glaciology-and-Climate/PROMICE-AWS-data-issues/issues/61
SCO_L,2017-02-22T00:00:00+00:00,2017-02-24T00:00:00+00:00,dlr ulr dsr usr,RIME,automatically detected as rime-affected (bav),https://github.com/GEUS-Glaciology-and-Climate/PROMICE-AWS-data-issues/issues/61
SCO_L,2017-03-24T00:00:00+00:00,2017-03-27T00:00:00+00:00,dlr ulr dsr usr,RIME,automatically detected as rime-affected (bav),https://github.com/GEUS-Glaciology-and-Climate/PROMICE-AWS-data-issues/issues/61
SCO_L,2017-09-29T00:00:00+00:00,2017-10-03T00:00:00+00:00,dlr ulr dsr usr,RIME,automatically detected as rime-affected (bav),https://github.com/GEUS-Glaciology-and-Climate/PROMICE-AWS-data-issues/issues/61
SCO_L,2017-11-30T00:00:00+00:00,2017-12-03T00:00:00+00:00,dlr ulr dsr usr,RIME,automatically detected as rime-affected (bav),https://github.com/GEUS-Glaciology-and-Climate/PROMICE-AWS-data-issues/issues/61
SCO_L,2018-01-10T00:00:00+00:00,2018-01-15T00:00:00+00:00,dlr ulr dsr usr,RIME,automatically detected as rime-affected (bav),https://github.com/GEUS-Glaciology-and-Climate/PROMICE-AWS-data-issues/issues/61
SCO_L,2018-02-18T00:00:00+00:00,2018-02-27T00:00:00+00:00,dlr ulr dsr usr,RIME,automatically detected as rime-affected (bav),https://github.com/GEUS-Glaciology-and-Climate/PROMICE-AWS-data-issues/issues/61
SCO_L,2018-10-13T00:00:00+00:00,2018-10-15T00:00:00+00:00,dlr ulr dsr usr,RIME,automatically detected as rime-affected (bav),https://github.com/GEUS-Glaciology-and-Climate/PROMICE-AWS-data-issues/issues/61
SCO_L,2018-10-30T00:00:00+00:00,2018-11-03T00:00:00+00:00,dlr ulr dsr usr,RIME,automatically detected as rime-affected (bav),https://github.com/GEUS-Glaciology-and-Climate/PROMICE-AWS-data-issues/issues/61
SCO_L,2018-12-17T00:00:00+00:00,2018-12-20T00:00:00+00:00,dlr ulr dsr usr,RIME,automatically detected as rime-affected (bav),https://github.com/GEUS-Glaciology-and-Climate/PROMICE-AWS-data-issues/issues/61
SCO_L,2018-12-26T00:00:00+00:00,2018-12-30T00:00:00+00:00,dlr ulr dsr usr,RIME,automatically detected as rime-affected (bav),https://github.com/GEUS-Glaciology-and-Climate/PROMICE-AWS-data-issues/issues/61
SCO_L,2019-01-06T00:00:00+00:00,2019-01-08T00:00:00+00:00,dlr ulr dsr usr,RIME,automatically detected as rime-affected (bav),https://github.com/GEUS-Glaciology-and-Climate/PROMICE-AWS-data-issues/issues/61
SCO_L,2019-03-17T00:00:00+00:00,2019-03-21T00:00:00+00:00,dlr ulr dsr usr,RIME,automatically detected as rime-affected (bav),https://github.com/GEUS-Glaciology-and-Climate/PROMICE-AWS-data-issues/issues/61
SCO_L,2020-01-20T00:00:00+00:00,2020-01-24T00:00:00+00:00,dlr ulr dsr usr,RIME,automatically detected as rime-affected (bav),https://github.com/GEUS-Glaciology-and-Climate/PROMICE-AWS-data-issues/issues/61
SCO_L,2020-03-01T00:00:00+00:00,2020-03-04T00:00:00+00:00,dlr ulr dsr usr,RIME,automatically detected as rime-affected (bav),https://github.com/GEUS-Glaciology-and-Climate/PROMICE-AWS-data-issues/issues/61
SCO_L,2020-10-02T00:00:00+00:00,2020-10-08T00:00:00+00:00,dlr ulr dsr usr,RIME,automatically detected as rime-affected (bav),https://github.com/GEUS-Glaciology-and-Climate/PROMICE-AWS-data-issues/issues/61
SCO_L,2020-10-14T00:00:00+00:00,2020-10-19T00:00:00+00:00,dlr ulr dsr usr,RIME,automatically detected as rime-affected (bav),https://github.com/GEUS-Glaciology-and-Climate/PROMICE-AWS-data-issues/issues/61
SCO_L,2021-02-28T00:00:00+00:00,2021-03-02T00:00:00+00:00,dlr ulr dsr usr,RIME,automatically detected as rime-affected (bav),https://github.com/GEUS-Glaciology-and-Climate/PROMICE-AWS-data-issues/issues/61
SCO_L,2022-04-15T00:00:00+00:00,2022-04-20T00:00:00+00:00,dlr ulr dsr usr,RIME,automatically detected as rime-affected (bav),https://github.com/GEUS-Glaciology-and-Climate/PROMICE-AWS-data-issues/issues/61
SCO_L,2022-09-30T00:00:00+00:00,2022-10-03T00:00:00+00:00,dlr ulr dsr usr,RIME,automatically detected as rime-affected (bav),https://github.com/GEUS-Glaciology-and-Climate/PROMICE-AWS-data-issues/issues/61
SCO_L,2023-01-27T00:00:00+00:00,2023-01-30T00:00:00+00:00,dlr ulr dsr usr,RIME,automatically detected as rime-affected (bav),https://github.com/GEUS-Glaciology-and-Climate/PROMICE-AWS-data-issues/issues/61
SCO_L,2023-02-04T00:00:00+00:00,2023-02-06T00:00:00+00:00,dlr ulr dsr usr,RIME,automatically detected as rime-affected (bav),https://github.com/GEUS-Glaciology-and-Climate/PROMICE-AWS-data-issues/issues/61
SCO_L,2023-02-12T00:00:00+00:00,2023-02-15T00:00:00+00:00,dlr ulr dsr usr,RIME,automatically detected as rime-affected (bav),https://github.com/GEUS-Glaciology-and-Climate/PROMICE-AWS-data-issues/issues/61
SCO_L,2023-03-31T00:00:00+00:00,2023-04-09T00:00:00+00:00,dlr ulr dsr usr,RIME,automatically detected as rime-affected (bav),https://github.com/GEUS-Glaciology-and-Climate/PROMICE-AWS-data-issues/issues/61
SCO_L,2023-10-18T00:00:00+00:00,2023-10-23T00:00:00+00:00,dlr ulr dsr usr,RIME,automatically detected as rime-affected (bav),https://github.com/GEUS-Glaciology-and-Climate/PROMICE-AWS-data-issues/issues/61
SCO_L,2024-04-20T00:00:00+00:00,2024-04-22T00:00:00+00:00,dlr ulr dsr usr,RIME,automatically detected as rime-affected (bav),https://github.com/GEUS-Glaciology-and-Climate/PROMICE-AWS-data-issues/issues/61
SCO_U,2011-11-04T00:00:00+00:00,2011-11-07T00:00:00+00:00,dlr ulr dsr usr,RIME,automatically detected as rime-affected (bav),https://github.com/GEUS-Glaciology-and-Climate/PROMICE-AWS-data-issues/issues/61
SCO_U,2012-01-29T00:00:00+00:00,2012-01-31T00:00:00+00:00,dlr ulr dsr usr,RIME,automatically detected as rime-affected (bav),https://github.com/GEUS-Glaciology-and-Climate/PROMICE-AWS-data-issues/issues/61
SCO_U,2015-10-29T00:00:00+00:00,2015-11-01T00:00:00+00:00,dlr ulr dsr usr,RIME,automatically detected as rime-affected (bav),https://github.com/GEUS-Glaciology-and-Climate/PROMICE-AWS-data-issues/issues/61
SCO_U,2016-03-19T00:00:00+00:00,2016-03-21T00:00:00+00:00,dlr ulr dsr usr,RIME,automatically detected as rime-affected (bav),https://github.com/GEUS-Glaciology-and-Climate/PROMICE-AWS-data-issues/issues/61
SCO_U,2016-12-07T00:00:00+00:00,2016-12-10T00:00:00+00:00,dlr ulr dsr usr,RIME,automatically detected as rime-affected (bav),https://github.com/GEUS-Glaciology-and-Climate/PROMICE-AWS-data-issues/issues/61
SCO_U,2017-03-24T00:00:00+00:00,2017-03-26T00:00:00+00:00,dlr ulr dsr usr,RIME,automatically detected as rime-affected (bav),https://github.com/GEUS-Glaciology-and-Climate/PROMICE-AWS-data-issues/issues/61
SCO_U,2018-12-27T00:00:00+00:00,2018-12-29T00:00:00+00:00,dlr ulr dsr usr,RIME,automatically detected as rime-affected (bav),https://github.com/GEUS-Glaciology-and-Climate/PROMICE-AWS-data-issues/issues/61
SCO_U,2020-03-02T00:00:00+00:00,2020-03-04T00:00:00+00:00,dlr ulr dsr usr,RIME,automatically detected as rime-affected (bav),https://github.com/GEUS-Glaciology-and-Climate/PROMICE-AWS-data-issues/issues/61
SCO_U,2020-10-02T00:00:00+00:00,2020-10-04T00:00:00+00:00,dlr ulr dsr usr,RIME,automatically detected as rime-affected (bav),https://github.com/GEUS-Glaciology-and-Climate/PROMICE-AWS-data-issues/issues/61
SDL,2021-10-07T00:00:00+00:00,2021-10-14T00:00:00+00:00,dlr ulr dsr usr,RIME,automatically detected as rime-affected (bav),https://github.com/GEUS-Glaciology-and-Climate/PROMICE-AWS-data-issues/issues/61
SDL,2021-10-23T00:00:00+00:00,2021-10-31T00:00:00+00:00,dlr ulr dsr usr,RIME,automatically detected as rime-affected (bav),https://github.com/GEUS-Glaciology-and-Climate/PROMICE-AWS-data-issues/issues/61
SDL,2021-11-05T00:00:00+00:00,2021-11-14T00:00:00+00:00,dlr ulr dsr usr,RIME,automatically detected as rime-affected (bav),https://github.com/GEUS-Glaciology-and-Climate/PROMICE-AWS-data-issues/issues/61
SDL,2021-12-15T00:00:00+00:00,2021-12-19T00:00:00+00:00,dlr ulr dsr usr,RIME,automatically detected as rime-affected (bav),https://github.com/GEUS-Glaciology-and-Climate/PROMICE-AWS-data-issues/issues/61
SDL,2022-01-02T00:00:00+00:00,2022-01-04T00:00:00+00:00,dlr ulr dsr usr,RIME,automatically detected as rime-affected (bav),https://github.com/GEUS-Glaciology-and-Climate/PROMICE-AWS-data-issues/issues/61
SDL,2022-01-14T00:00:00+00:00,2022-01-16T00:00:00+00:00,dlr ulr dsr usr,RIME,automatically detected as rime-affected (bav),https://github.com/GEUS-Glaciology-and-Climate/PROMICE-AWS-data-issues/issues/61
SDL,2022-09-30T00:00:00+00:00,2022-10-04T00:00:00+00:00,dlr ulr dsr usr,RIME,automatically detected as rime-affected (bav),https://github.com/GEUS-Glaciology-and-Climate/PROMICE-AWS-data-issues/issues/61
SDL,2022-10-08T00:00:00+00:00,2022-10-10T00:00:00+00:00,dlr ulr dsr usr,RIME,automatically detected as rime-affected (bav),https://github.com/GEUS-Glaciology-and-Climate/PROMICE-AWS-data-issues/issues/61
SDL,2022-11-01T00:00:00+00:00,2022-11-03T00:00:00+00:00,dlr ulr dsr usr,RIME,automatically detected as rime-affected (bav),https://github.com/GEUS-Glaciology-and-Climate/PROMICE-AWS-data-issues/issues/61
SDL,2023-09-28T00:00:00+00:00,2023-10-01T00:00:00+00:00,dlr ulr dsr usr,RIME,automatically detected as rime-affected (bav),https://github.com/GEUS-Glaciology-and-Climate/PROMICE-AWS-data-issues/issues/61
SDL,2023-10-25T00:00:00+00:00,2023-10-27T00:00:00+00:00,dlr ulr dsr usr,RIME,automatically detected as rime-affected (bav),https://github.com/GEUS-Glaciology-and-Climate/PROMICE-AWS-data-issues/issues/61
SDL,2023-11-17T00:00:00+00:00,2023-11-19T00:00:00+00:00,dlr ulr dsr usr,RIME,automatically detected as rime-affected (bav),https://github.com/GEUS-Glaciology-and-Climate/PROMICE-AWS-data-issues/issues/61
SDL,2023-12-23T00:00:00+00:00,2024-01-04T00:00:00+00:00,dlr ulr dsr usr,RIME,automatically detected as rime-affected (bav),https://github.com/GEUS-Glaciology-and-Climate/PROMICE-AWS-data-issues/issues/61
SDL,2024-01-12T00:00:00+00:00,2024-01-23T00:00:00+00:00,dlr ulr dsr usr,RIME,automatically detected as rime-affected (bav),https://github.com/GEUS-Glaciology-and-Climate/PROMICE-AWS-data-issues/issues/61
SDL,2024-01-26T00:00:00+00:00,2024-02-11T00:00:00+00:00,dlr ulr dsr usr,RIME,automatically detected as rime-affected (bav),https://github.com/GEUS-Glaciology-and-Climate/PROMICE-AWS-data-issues/issues/61
SDL,2024-02-15T00:00:00+00:00,2024-02-17T00:00:00+00:00,dlr ulr dsr usr,RIME,automatically detected as rime-affected (bav),https://github.com/GEUS-Glaciology-and-Climate/PROMICE-AWS-data-issues/issues/61
SDL,2024-03-13T00:00:00+00:00,2024-03-20T00:00:00+00:00,dlr ulr dsr usr,RIME,automatically detected as rime-affected (bav),https://github.com/GEUS-Glaciology-and-Climate/PROMICE-AWS-data-issues/issues/61
SDL,2024-10-14T00:00:00+00:00,2024-10-24T00:00:00+00:00,dlr ulr dsr usr,RIME,automatically detected as rime-affected (bav),https://github.com/GEUS-Glaciology-and-Climate/PROMICE-AWS-data-issues/issues/61
SDM,2021-10-11T00:00:00+00:00,2021-10-13T00:00:00+00:00,dlr ulr dsr usr,RIME,automatically detected as rime-affected (bav),https://github.com/GEUS-Glaciology-and-Climate/PROMICE-AWS-data-issues/issues/61
SDM,2021-11-06T00:00:00+00:00,2021-11-08T00:00:00+00:00,dlr ulr dsr usr,RIME,automatically detected as rime-affected (bav),https://github.com/GEUS-Glaciology-and-Climate/PROMICE-AWS-data-issues/issues/61
SDM,2021-11-18T00:00:00+00:00,2021-11-20T00:00:00+00:00,dlr ulr dsr usr,RIME,automatically detected as rime-affected (bav),https://github.com/GEUS-Glaciology-and-Climate/PROMICE-AWS-data-issues/issues/61
SDM,2021-12-13T00:00:00+00:00,2021-12-19T00:00:00+00:00,dlr ulr dsr usr,RIME,automatically detected as rime-affected (bav),https://github.com/GEUS-Glaciology-and-Climate/PROMICE-AWS-data-issues/issues/61
SDM,2022-01-14T00:00:00+00:00,2022-01-16T00:00:00+00:00,dlr ulr dsr usr,RIME,automatically detected as rime-affected (bav),https://github.com/GEUS-Glaciology-and-Climate/PROMICE-AWS-data-issues/issues/61
SDM,2022-10-02T00:00:00+00:00,2022-10-17T00:00:00+00:00,dlr ulr dsr usr,RIME,automatically detected as rime-affected (bav),https://github.com/GEUS-Glaciology-and-Climate/PROMICE-AWS-data-issues/issues/61
SDM,2022-11-07T00:00:00+00:00,2022-11-11T00:00:00+00:00,dlr ulr dsr usr,RIME,automatically detected as rime-affected (bav),https://github.com/GEUS-Glaciology-and-Climate/PROMICE-AWS-data-issues/issues/61
SDM,2022-11-15T00:00:00+00:00,2022-11-17T00:00:00+00:00,dlr ulr dsr usr,RIME,automatically detected as rime-affected (bav),https://github.com/GEUS-Glaciology-and-Climate/PROMICE-AWS-data-issues/issues/61
SDM,2022-11-25T00:00:00+00:00,2022-11-30T00:00:00+00:00,dlr ulr dsr usr,RIME,automatically detected as rime-affected (bav),https://github.com/GEUS-Glaciology-and-Climate/PROMICE-AWS-data-issues/issues/61
SDM,2022-12-08T00:00:00+00:00,2022-12-12T00:00:00+00:00,dlr ulr dsr usr,RIME,automatically detected as rime-affected (bav),https://github.com/GEUS-Glaciology-and-Climate/PROMICE-AWS-data-issues/issues/61
SDM,2022-12-15T00:00:00+00:00,2022-12-19T00:00:00+00:00,dlr ulr dsr usr,RIME,automatically detected as rime-affected (bav),https://github.com/GEUS-Glaciology-and-Climate/PROMICE-AWS-data-issues/issues/61
SDM,2022-12-22T00:00:00+00:00,2023-01-19T00:00:00+00:00,dlr ulr dsr usr,RIME,automatically detected as rime-affected (bav),https://github.com/GEUS-Glaciology-and-Climate/PROMICE-AWS-data-issues/issues/61
SDM,2023-02-13T00:00:00+00:00,2023-02-17T00:00:00+00:00,dlr ulr dsr usr,RIME,automatically detected as rime-affected (bav),https://github.com/GEUS-Glaciology-and-Climate/PROMICE-AWS-data-issues/issues/61
SDM,2023-02-20T00:00:00+00:00,2023-02-22T00:00:00+00:00,dlr ulr dsr usr,RIME,automatically detected as rime-affected (bav),https://github.com/GEUS-Glaciology-and-Climate/PROMICE-AWS-data-issues/issues/61
SDM,2023-03-17T00:00:00+00:00,2023-03-24T00:00:00+00:00,dlr ulr dsr usr,RIME,automatically detected as rime-affected (bav),https://github.com/GEUS-Glaciology-and-Climate/PROMICE-AWS-data-issues/issues/61
SDM,2023-09-29T00:00:00+00:00,2023-10-01T00:00:00+00:00,dlr ulr dsr usr,RIME,automatically detected as rime-affected (bav),https://github.com/GEUS-Glaciology-and-Climate/PROMICE-AWS-data-issues/issues/61
SDM,2023-10-04T00:00:00+00:00,2023-10-07T00:00:00+00:00,dlr ulr dsr usr,RIME,automatically detected as rime-affected (bav),https://github.com/GEUS-Glaciology-and-Climate/PROMICE-AWS-data-issues/issues/61
SDM,2023-10-24T00:00:00+00:00,2023-10-27T00:00:00+00:00,dlr ulr dsr usr,RIME,automatically detected as rime-affected (bav),https://github.com/GEUS-Glaciology-and-Climate/PROMICE-AWS-data-issues/issues/61
SDM,2023-11-04T00:00:00+00:00,2023-11-06T00:00:00+00:00,dlr ulr dsr usr,RIME,automatically detected as rime-affected (bav),https://github.com/GEUS-Glaciology-and-Climate/PROMICE-AWS-data-issues/issues/61
SDM,2023-12-03T00:00:00+00:00,2023-12-06T00:00:00+00:00,dlr ulr dsr usr,RIME,automatically detected as rime-affected (bav),https://github.com/GEUS-Glaciology-and-Climate/PROMICE-AWS-data-issues/issues/61
SDM,2023-12-11T00:00:00+00:00,2023-12-19T00:00:00+00:00,dlr ulr dsr usr,RIME,automatically detected as rime-affected (bav),https://github.com/GEUS-Glaciology-and-Climate/PROMICE-AWS-data-issues/issues/61
SDM,2023-12-22T00:00:00+00:00,2023-12-29T00:00:00+00:00,dlr ulr dsr usr,RIME,automatically detected as rime-affected (bav),https://github.com/GEUS-Glaciology-and-Climate/PROMICE-AWS-data-issues/issues/61
SDM,2024-01-02T00:00:00+00:00,2024-01-06T00:00:00+00:00,dlr ulr dsr usr,RIME,automatically detected as rime-affected (bav),https://github.com/GEUS-Glaciology-and-Climate/PROMICE-AWS-data-issues/issues/61
SDM,2024-01-15T00:00:00+00:00,2024-01-31T00:00:00+00:00,dlr ulr dsr usr,RIME,automatically detected as rime-affected (bav),https://github.com/GEUS-Glaciology-and-Climate/PROMICE-AWS-data-issues/issues/61
SDM,2024-03-12T00:00:00+00:00,2024-03-14T00:00:00+00:00,dlr ulr dsr usr,RIME,automatically detected as rime-affected (bav),https://github.com/GEUS-Glaciology-and-Climate/PROMICE-AWS-data-issues/issues/61
SDM,2024-09-13T00:00:00+00:00,2024-09-17T00:00:00+00:00,dlr ulr dsr usr,RIME,automatically detected as rime-affected (bav),https://github.com/GEUS-Glaciology-and-Climate/PROMICE-AWS-data-issues/issues/61
SDM,2024-10-15T00:00:00+00:00,2024-10-19T00:00:00+00:00,dlr ulr dsr usr,RIME,automatically detected as rime-affected (bav),https://github.com/GEUS-Glaciology-and-Climate/PROMICE-AWS-data-issues/issues/61
SDM,2024-10-22T00:00:00+00:00,2024-10-24T00:00:00+00:00,dlr ulr dsr usr,RIME,automatically detected as rime-affected (bav),https://github.com/GEUS-Glaciology-and-Climate/PROMICE-AWS-data-issues/issues/61
SWC_O,2022-11-06T00:00:00+00:00,2022-11-09T00:00:00+00:00,dlr ulr dsr usr,RIME,automatically detected as rime-affected (bav),https://github.com/GEUS-Glaciology-and-Climate/PROMICE-AWS-data-issues/issues/61
SWC_O,2024-01-18T00:00:00+00:00,2024-01-20T00:00:00+00:00,dlr ulr dsr usr,RIME,automatically detected as rime-affected (bav),https://github.com/GEUS-Glaciology-and-Climate/PROMICE-AWS-data-issues/issues/61
TAS_A,2014-10-09T00:00:00+00:00,2014-10-13T00:00:00+00:00,dlr ulr dsr usr,RIME,automatically detected as rime-affected (bav),https://github.com/GEUS-Glaciology-and-Climate/PROMICE-AWS-data-issues/issues/61
TAS_A,2014-11-29T00:00:00+00:00,2014-12-01T00:00:00+00:00,dlr ulr dsr usr,RIME,automatically detected as rime-affected (bav),https://github.com/GEUS-Glaciology-and-Climate/PROMICE-AWS-data-issues/issues/61
TAS_A,2014-12-30T00:00:00+00:00,2015-01-02T00:00:00+00:00,dlr ulr dsr usr,RIME,automatically detected as rime-affected (bav),https://github.com/GEUS-Glaciology-and-Climate/PROMICE-AWS-data-issues/issues/61
TAS_A,2015-02-06T00:00:00+00:00,2015-02-12T00:00:00+00:00,dlr ulr dsr usr,RIME,automatically detected as rime-affected (bav),https://github.com/GEUS-Glaciology-and-Climate/PROMICE-AWS-data-issues/issues/61
TAS_A,2016-12-06T00:00:00+00:00,2016-12-09T00:00:00+00:00,dlr ulr dsr usr,RIME,automatically detected as rime-affected (bav),https://github.com/GEUS-Glaciology-and-Climate/PROMICE-AWS-data-issues/issues/61
TAS_A,2017-02-13T00:00:00+00:00,2017-02-17T00:00:00+00:00,dlr ulr dsr usr,RIME,automatically detected as rime-affected (bav),https://github.com/GEUS-Glaciology-and-Climate/PROMICE-AWS-data-issues/issues/61
TAS_A,2020-12-25T00:00:00+00:00,2020-12-27T00:00:00+00:00,dlr ulr dsr usr,RIME,automatically detected as rime-affected (bav),https://github.com/GEUS-Glaciology-and-Climate/PROMICE-AWS-data-issues/issues/61
TAS_A,2021-01-29T00:00:00+00:00,2021-02-02T00:00:00+00:00,dlr ulr dsr usr,RIME,automatically detected as rime-affected (bav),https://github.com/GEUS-Glaciology-and-Climate/PROMICE-AWS-data-issues/issues/61
TAS_A,2022-10-23T00:00:00+00:00,2022-10-27T00:00:00+00:00,dlr ulr dsr usr,RIME,automatically detected as rime-affected (bav),https://github.com/GEUS-Glaciology-and-Climate/PROMICE-AWS-data-issues/issues/61
TAS_A,2023-01-27T00:00:00+00:00,2023-01-30T00:00:00+00:00,dlr ulr dsr usr,RIME,automatically detected as rime-affected (bav),https://github.com/GEUS-Glaciology-and-Climate/PROMICE-AWS-data-issues/issues/61
TAS_A,2023-04-05T00:00:00+00:00,2023-04-08T00:00:00+00:00,dlr ulr dsr usr,RIME,automatically detected as rime-affected (bav),https://github.com/GEUS-Glaciology-and-Climate/PROMICE-AWS-data-issues/issues/61
TAS_L,2007-11-13T00:00:00+00:00,2007-11-17T00:00:00+00:00,dlr ulr dsr usr,RIME,automatically detected as rime-affected (bav),https://github.com/GEUS-Glaciology-and-Climate/PROMICE-AWS-data-issues/issues/61
TAS_L,2008-02-09T00:00:00+00:00,2008-02-12T00:00:00+00:00,dlr ulr dsr usr,RIME,automatically detected as rime-affected (bav),https://github.com/GEUS-Glaciology-and-Climate/PROMICE-AWS-data-issues/issues/61
TAS_L,2010-12-09T00:00:00+00:00,2010-12-11T00:00:00+00:00,dlr ulr dsr usr,RIME,automatically detected as rime-affected (bav),https://github.com/GEUS-Glaciology-and-Climate/PROMICE-AWS-data-issues/issues/61
TAS_L,2011-01-23T00:00:00+00:00,2011-01-29T00:00:00+00:00,dlr ulr dsr usr,RIME,automatically detected as rime-affected (bav),https://github.com/GEUS-Glaciology-and-Climate/PROMICE-AWS-data-issues/issues/61
TAS_L,2011-04-12T00:00:00+00:00,2011-04-16T00:00:00+00:00,dlr ulr dsr usr,RIME,automatically detected as rime-affected (bav),https://github.com/GEUS-Glaciology-and-Climate/PROMICE-AWS-data-issues/issues/61
TAS_L,2012-10-23T00:00:00+00:00,2012-10-25T00:00:00+00:00,dlr ulr dsr usr,RIME,automatically detected as rime-affected (bav),https://github.com/GEUS-Glaciology-and-Climate/PROMICE-AWS-data-issues/issues/61
TAS_L,2012-11-13T00:00:00+00:00,2012-11-15T00:00:00+00:00,dlr ulr dsr usr,RIME,automatically detected as rime-affected (bav),https://github.com/GEUS-Glaciology-and-Climate/PROMICE-AWS-data-issues/issues/61
TAS_L,2018-03-24T00:00:00+00:00,2018-03-28T00:00:00+00:00,dlr ulr dsr usr,RIME,automatically detected as rime-affected (bav),https://github.com/GEUS-Glaciology-and-Climate/PROMICE-AWS-data-issues/issues/61
TAS_L,2018-10-10T00:00:00+00:00,2018-10-13T00:00:00+00:00,dlr ulr dsr usr,RIME,automatically detected as rime-affected (bav),https://github.com/GEUS-Glaciology-and-Climate/PROMICE-AWS-data-issues/issues/61
TAS_L,2018-10-19T00:00:00+00:00,2018-10-21T00:00:00+00:00,dlr ulr dsr usr,RIME,automatically detected as rime-affected (bav),https://github.com/GEUS-Glaciology-and-Climate/PROMICE-AWS-data-issues/issues/61
TAS_L,2018-10-27T00:00:00+00:00,2018-11-07T00:00:00+00:00,dlr ulr dsr usr,RIME,automatically detected as rime-affected (bav),https://github.com/GEUS-Glaciology-and-Climate/PROMICE-AWS-data-issues/issues/61
TAS_L,2018-11-10T00:00:00+00:00,2018-12-10T00:00:00+00:00,dlr ulr dsr usr,RIME,automatically detected as rime-affected (bav),https://github.com/GEUS-Glaciology-and-Climate/PROMICE-AWS-data-issues/issues/61
TAS_L,2021-01-14T00:00:00+00:00,2021-01-17T00:00:00+00:00,dlr ulr dsr usr,RIME,automatically detected as rime-affected (bav),https://github.com/GEUS-Glaciology-and-Climate/PROMICE-AWS-data-issues/issues/61
TAS_L,2021-01-30T00:00:00+00:00,2021-02-01T00:00:00+00:00,dlr ulr dsr usr,RIME,automatically detected as rime-affected (bav),https://github.com/GEUS-Glaciology-and-Climate/PROMICE-AWS-data-issues/issues/61
TAS_L,2021-03-08T00:00:00+00:00,2021-03-11T00:00:00+00:00,dlr ulr dsr usr,RIME,automatically detected as rime-affected (bav),https://github.com/GEUS-Glaciology-and-Climate/PROMICE-AWS-data-issues/issues/61
TAS_L,2022-10-23T00:00:00+00:00,2022-10-28T00:00:00+00:00,dlr ulr dsr usr,RIME,automatically detected as rime-affected (bav),https://github.com/GEUS-Glaciology-and-Climate/PROMICE-AWS-data-issues/issues/61
TAS_L,2023-02-01T00:00:00+00:00,2023-02-03T00:00:00+00:00,dlr ulr dsr usr,RIME,automatically detected as rime-affected (bav),https://github.com/GEUS-Glaciology-and-Climate/PROMICE-AWS-data-issues/issues/61
TAS_L,2023-02-07T00:00:00+00:00,2023-02-15T00:00:00+00:00,dlr ulr dsr usr,RIME,automatically detected as rime-affected (bav),https://github.com/GEUS-Glaciology-and-Climate/PROMICE-AWS-data-issues/issues/61
TAS_L,2023-04-04T00:00:00+00:00,2023-04-08T00:00:00+00:00,dlr ulr dsr usr,RIME,automatically detected as rime-affected (bav),https://github.com/GEUS-Glaciology-and-Climate/PROMICE-AWS-data-issues/issues/61
TAS_L,2024-01-14T00:00:00+00:00,2024-01-20T00:00:00+00:00,dlr ulr dsr usr,RIME,automatically detected as rime-affected (bav),https://github.com/GEUS-Glaciology-and-Climate/PROMICE-AWS-data-issues/issues/61
TAS_L,2024-01-26T00:00:00+00:00,2024-01-28T00:00:00+00:00,dlr ulr dsr usr,RIME,automatically detected as rime-affected (bav),https://github.com/GEUS-Glaciology-and-Climate/PROMICE-AWS-data-issues/issues/61
TAS_U,2010-03-21T00:00:00+00:00,2010-03-23T00:00:00+00:00,dlr ulr dsr usr,RIME,automatically detected as rime-affected (bav),https://github.com/GEUS-Glaciology-and-Climate/PROMICE-AWS-data-issues/issues/61
TAS_U,2010-12-01T00:00:00+00:00,2010-12-08T00:00:00+00:00,dlr ulr dsr usr,RIME,automatically detected as rime-affected (bav),https://github.com/GEUS-Glaciology-and-Climate/PROMICE-AWS-data-issues/issues/61
TAS_U,2011-11-06T00:00:00+00:00,2011-11-08T00:00:00+00:00,dlr ulr dsr usr,RIME,automatically detected as rime-affected (bav),https://github.com/GEUS-Glaciology-and-Climate/PROMICE-AWS-data-issues/issues/61
TAS_U,2012-04-08T00:00:00+00:00,2012-04-13T00:00:00+00:00,dlr ulr dsr usr,RIME,automatically detected as rime-affected (bav),https://github.com/GEUS-Glaciology-and-Climate/PROMICE-AWS-data-issues/issues/61
TAS_U,2012-10-23T00:00:00+00:00,2012-10-25T00:00:00+00:00,dlr ulr dsr usr,RIME,automatically detected as rime-affected (bav),https://github.com/GEUS-Glaciology-and-Climate/PROMICE-AWS-data-issues/issues/61
TAS_U,2013-01-06T00:00:00+00:00,2013-01-08T00:00:00+00:00,dlr ulr dsr usr,RIME,automatically detected as rime-affected (bav),https://github.com/GEUS-Glaciology-and-Climate/PROMICE-AWS-data-issues/issues/61
TAS_U,2014-10-09T00:00:00+00:00,2014-10-13T00:00:00+00:00,dlr ulr dsr usr,RIME,automatically detected as rime-affected (bav),https://github.com/GEUS-Glaciology-and-Climate/PROMICE-AWS-data-issues/issues/61
TAS_U,2015-02-13T00:00:00+00:00,2015-02-17T00:00:00+00:00,dlr ulr dsr usr,RIME,automatically detected as rime-affected (bav),https://github.com/GEUS-Glaciology-and-Climate/PROMICE-AWS-data-issues/issues/61
THU_L,2011-09-27T00:00:00+00:00,2011-09-29T00:00:00+00:00,dlr ulr dsr usr,RIME,automatically detected as rime-affected (bav),https://github.com/GEUS-Glaciology-and-Climate/PROMICE-AWS-data-issues/issues/61
THU_L,2011-11-23T00:00:00+00:00,2011-11-29T00:00:00+00:00,dlr ulr dsr usr,RIME,automatically detected as rime-affected (bav),https://github.com/GEUS-Glaciology-and-Climate/PROMICE-AWS-data-issues/issues/61
THU_L,2012-03-26T00:00:00+00:00,2012-03-28T00:00:00+00:00,dlr ulr dsr usr,RIME,automatically detected as rime-affected (bav),https://github.com/GEUS-Glaciology-and-Climate/PROMICE-AWS-data-issues/issues/61
THU_L,2013-10-23T00:00:00+00:00,2013-10-27T00:00:00+00:00,dlr ulr dsr usr,RIME,automatically detected as rime-affected (bav),https://github.com/GEUS-Glaciology-and-Climate/PROMICE-AWS-data-issues/issues/61
THU_L,2013-10-30T00:00:00+00:00,2013-11-04T00:00:00+00:00,dlr ulr dsr usr,RIME,automatically detected as rime-affected (bav),https://github.com/GEUS-Glaciology-and-Climate/PROMICE-AWS-data-issues/issues/61
THU_L,2013-12-23T00:00:00+00:00,2013-12-25T00:00:00+00:00,dlr ulr dsr usr,RIME,automatically detected as rime-affected (bav),https://github.com/GEUS-Glaciology-and-Climate/PROMICE-AWS-data-issues/issues/61
THU_L,2014-01-02T00:00:00+00:00,2014-01-07T00:00:00+00:00,dlr ulr dsr usr,RIME,automatically detected as rime-affected (bav),https://github.com/GEUS-Glaciology-and-Climate/PROMICE-AWS-data-issues/issues/61
THU_L,2014-01-22T00:00:00+00:00,2014-01-24T00:00:00+00:00,dlr ulr dsr usr,RIME,automatically detected as rime-affected (bav),https://github.com/GEUS-Glaciology-and-Climate/PROMICE-AWS-data-issues/issues/61
THU_L,2014-03-06T00:00:00+00:00,2014-03-10T00:00:00+00:00,dlr ulr dsr usr,RIME,automatically detected as rime-affected (bav),https://github.com/GEUS-Glaciology-and-Climate/PROMICE-AWS-data-issues/issues/61
THU_L,2014-10-18T00:00:00+00:00,2014-10-20T00:00:00+00:00,dlr ulr dsr usr,RIME,automatically detected as rime-affected (bav),https://github.com/GEUS-Glaciology-and-Climate/PROMICE-AWS-data-issues/issues/61
THU_L,2014-10-31T00:00:00+00:00,2014-11-05T00:00:00+00:00,dlr ulr dsr usr,RIME,automatically detected as rime-affected (bav),https://github.com/GEUS-Glaciology-and-Climate/PROMICE-AWS-data-issues/issues/61
THU_L,2014-11-25T00:00:00+00:00,2014-11-27T00:00:00+00:00,dlr ulr dsr usr,RIME,automatically detected as rime-affected (bav),https://github.com/GEUS-Glaciology-and-Climate/PROMICE-AWS-data-issues/issues/61
THU_L,2016-09-16T00:00:00+00:00,2016-09-18T00:00:00+00:00,dlr ulr dsr usr,RIME,automatically detected as rime-affected (bav),https://github.com/GEUS-Glaciology-and-Climate/PROMICE-AWS-data-issues/issues/61
THU_L,2016-11-12T00:00:00+00:00,2016-11-18T00:00:00+00:00,dlr ulr dsr usr,RIME,automatically detected as rime-affected (bav),https://github.com/GEUS-Glaciology-and-Climate/PROMICE-AWS-data-issues/issues/61
THU_L,2016-11-25T00:00:00+00:00,2016-11-27T00:00:00+00:00,dlr ulr dsr usr,RIME,automatically detected as rime-affected (bav),https://github.com/GEUS-Glaciology-and-Climate/PROMICE-AWS-data-issues/issues/61
THU_L,2017-10-09T00:00:00+00:00,2017-10-16T00:00:00+00:00,dlr ulr dsr usr,RIME,automatically detected as rime-affected (bav),https://github.com/GEUS-Glaciology-and-Climate/PROMICE-AWS-data-issues/issues/61
THU_L,2017-10-21T00:00:00+00:00,2017-10-23T00:00:00+00:00,dlr ulr dsr usr,RIME,automatically detected as rime-affected (bav),https://github.com/GEUS-Glaciology-and-Climate/PROMICE-AWS-data-issues/issues/61
THU_L,2017-10-28T00:00:00+00:00,2017-10-30T00:00:00+00:00,dlr ulr dsr usr,RIME,automatically detected as rime-affected (bav),https://github.com/GEUS-Glaciology-and-Climate/PROMICE-AWS-data-issues/issues/61
THU_L,2017-12-15T00:00:00+00:00,2017-12-21T00:00:00+00:00,dlr ulr dsr usr,RIME,automatically detected as rime-affected (bav),https://github.com/GEUS-Glaciology-and-Climate/PROMICE-AWS-data-issues/issues/61
THU_L,2019-02-23T00:00:00+00:00,2019-02-25T00:00:00+00:00,dlr ulr dsr usr,RIME,automatically detected as rime-affected (bav),https://github.com/GEUS-Glaciology-and-Climate/PROMICE-AWS-data-issues/issues/61
THU_L,2019-04-13T00:00:00+00:00,2019-04-18T00:00:00+00:00,dlr ulr dsr usr,RIME,automatically detected as rime-affected (bav),https://github.com/GEUS-Glaciology-and-Climate/PROMICE-AWS-data-issues/issues/61
THU_L,2019-10-25T00:00:00+00:00,2019-10-30T00:00:00+00:00,dlr ulr dsr usr,RIME,automatically detected as rime-affected (bav),https://github.com/GEUS-Glaciology-and-Climate/PROMICE-AWS-data-issues/issues/61
THU_L,2019-11-16T00:00:00+00:00,2019-11-18T00:00:00+00:00,dlr ulr dsr usr,RIME,automatically detected as rime-affected (bav),https://github.com/GEUS-Glaciology-and-Climate/PROMICE-AWS-data-issues/issues/61
THU_L,2019-11-26T00:00:00+00:00,2019-11-29T00:00:00+00:00,dlr ulr dsr usr,RIME,automatically detected as rime-affected (bav),https://github.com/GEUS-Glaciology-and-Climate/PROMICE-AWS-data-issues/issues/61
THU_L,2020-11-01T00:00:00+00:00,2020-11-03T00:00:00+00:00,dlr ulr dsr usr,RIME,automatically detected as rime-affected (bav),https://github.com/GEUS-Glaciology-and-Climate/PROMICE-AWS-data-issues/issues/61
THU_L,2020-12-25T00:00:00+00:00,2020-12-27T00:00:00+00:00,dlr ulr dsr usr,RIME,automatically detected as rime-affected (bav),https://github.com/GEUS-Glaciology-and-Climate/PROMICE-AWS-data-issues/issues/61
THU_L,2021-11-22T00:00:00+00:00,2021-11-24T00:00:00+00:00,dlr ulr dsr usr,RIME,automatically detected as rime-affected (bav),https://github.com/GEUS-Glaciology-and-Climate/PROMICE-AWS-data-issues/issues/61
THU_L,2021-11-27T00:00:00+00:00,2021-11-29T00:00:00+00:00,dlr ulr dsr usr,RIME,automatically detected as rime-affected (bav),https://github.com/GEUS-Glaciology-and-Climate/PROMICE-AWS-data-issues/issues/61
THU_L,2021-12-10T00:00:00+00:00,2021-12-12T00:00:00+00:00,dlr ulr dsr usr,RIME,automatically detected as rime-affected (bav),https://github.com/GEUS-Glaciology-and-Climate/PROMICE-AWS-data-issues/issues/61
THU_L,2021-12-15T00:00:00+00:00,2021-12-17T00:00:00+00:00,dlr ulr dsr usr,RIME,automatically detected as rime-affected (bav),https://github.com/GEUS-Glaciology-and-Climate/PROMICE-AWS-data-issues/issues/61
THU_L,2021-12-24T00:00:00+00:00,2021-12-27T00:00:00+00:00,dlr ulr dsr usr,RIME,automatically detected as rime-affected (bav),https://github.com/GEUS-Glaciology-and-Climate/PROMICE-AWS-data-issues/issues/61
THU_L,2021-12-30T00:00:00+00:00,2022-01-01T00:00:00+00:00,dlr ulr dsr usr,RIME,automatically detected as rime-affected (bav),https://github.com/GEUS-Glaciology-and-Climate/PROMICE-AWS-data-issues/issues/61
THU_L,2022-01-08T00:00:00+00:00,2022-01-13T00:00:00+00:00,dlr ulr dsr usr,RIME,automatically detected as rime-affected (bav),https://github.com/GEUS-Glaciology-and-Climate/PROMICE-AWS-data-issues/issues/61
THU_L2,2022-11-14T00:00:00+00:00,2022-11-19T00:00:00+00:00,dlr ulr dsr usr,RIME,automatically detected as rime-affected (bav),https://github.com/GEUS-Glaciology-and-Climate/PROMICE-AWS-data-issues/issues/61
THU_L2,2022-11-26T00:00:00+00:00,2022-12-03T00:00:00+00:00,dlr ulr dsr usr,RIME,automatically detected as rime-affected (bav),https://github.com/GEUS-Glaciology-and-Climate/PROMICE-AWS-data-issues/issues/61
THU_L2,2023-11-24T00:00:00+00:00,2023-11-26T00:00:00+00:00,dlr ulr dsr usr,RIME,automatically detected as rime-affected (bav),https://github.com/GEUS-Glaciology-and-Climate/PROMICE-AWS-data-issues/issues/61
THU_L2,2023-12-14T00:00:00+00:00,2023-12-18T00:00:00+00:00,dlr ulr dsr usr,RIME,automatically detected as rime-affected (bav),https://github.com/GEUS-Glaciology-and-Climate/PROMICE-AWS-data-issues/issues/61
THU_L2,2024-03-15T00:00:00+00:00,2024-03-17T00:00:00+00:00,dlr ulr dsr usr,RIME,automatically detected as rime-affected (bav),https://github.com/GEUS-Glaciology-and-Climate/PROMICE-AWS-data-issues/issues/61
THU_L2,2024-03-26T00:00:00+00:00,2024-03-28T00:00:00+00:00,dlr ulr dsr usr,RIME,automatically detected as rime-affected (bav),https://github.com/GEUS-Glaciology-and-Climate/PROMICE-AWS-data-issues/issues/61
THU_L2,2024-04-02T00:00:00+00:00,2024-04-08T00:00:00+00:00,dlr ulr dsr usr,RIME,automatically detected as rime-affected (bav),https://github.com/GEUS-Glaciology-and-Climate/PROMICE-AWS-data-issues/issues/61
THU_U,2011-11-04T00:00:00+00:00,2011-11-12T00:00:00+00:00,dlr ulr dsr usr,RIME,automatically detected as rime-affected (bav),https://github.com/GEUS-Glaciology-and-Climate/PROMICE-AWS-data-issues/issues/61
THU_U,2011-11-23T00:00:00+00:00,2011-11-29T00:00:00+00:00,dlr ulr dsr usr,RIME,automatically detected as rime-affected (bav),https://github.com/GEUS-Glaciology-and-Climate/PROMICE-AWS-data-issues/issues/61
THU_U,2011-12-22T00:00:00+00:00,2011-12-25T00:00:00+00:00,dlr ulr dsr usr,RIME,automatically detected as rime-affected (bav),https://github.com/GEUS-Glaciology-and-Climate/PROMICE-AWS-data-issues/issues/61
THU_U,2012-01-01T00:00:00+00:00,2012-01-04T00:00:00+00:00,dlr ulr dsr usr,RIME,automatically detected as rime-affected (bav),https://github.com/GEUS-Glaciology-and-Climate/PROMICE-AWS-data-issues/issues/61
THU_U,2012-10-20T00:00:00+00:00,2012-10-23T00:00:00+00:00,dlr ulr dsr usr,RIME,automatically detected as rime-affected (bav),https://github.com/GEUS-Glaciology-and-Climate/PROMICE-AWS-data-issues/issues/61
THU_U,2012-10-29T00:00:00+00:00,2012-11-01T00:00:00+00:00,dlr ulr dsr usr,RIME,automatically detected as rime-affected (bav),https://github.com/GEUS-Glaciology-and-Climate/PROMICE-AWS-data-issues/issues/61
THU_U,2012-11-06T00:00:00+00:00,2012-11-10T00:00:00+00:00,dlr ulr dsr usr,RIME,automatically detected as rime-affected (bav),https://github.com/GEUS-Glaciology-and-Climate/PROMICE-AWS-data-issues/issues/61
THU_U,2012-11-21T00:00:00+00:00,2012-11-25T00:00:00+00:00,dlr ulr dsr usr,RIME,automatically detected as rime-affected (bav),https://github.com/GEUS-Glaciology-and-Climate/PROMICE-AWS-data-issues/issues/61
THU_U,2012-12-12T00:00:00+00:00,2012-12-15T00:00:00+00:00,dlr ulr dsr usr,RIME,automatically detected as rime-affected (bav),https://github.com/GEUS-Glaciology-and-Climate/PROMICE-AWS-data-issues/issues/61
THU_U,2012-12-30T00:00:00+00:00,2013-01-04T00:00:00+00:00,dlr ulr dsr usr,RIME,automatically detected as rime-affected (bav),https://github.com/GEUS-Glaciology-and-Climate/PROMICE-AWS-data-issues/issues/61
THU_U,2013-01-27T00:00:00+00:00,2013-02-02T00:00:00+00:00,dlr ulr dsr usr,RIME,automatically detected as rime-affected (bav),https://github.com/GEUS-Glaciology-and-Climate/PROMICE-AWS-data-issues/issues/61
THU_U,2013-10-21T00:00:00+00:00,2013-11-06T00:00:00+00:00,dlr ulr dsr usr,RIME,automatically detected as rime-affected (bav),https://github.com/GEUS-Glaciology-and-Climate/PROMICE-AWS-data-issues/issues/61
THU_U,2013-11-23T00:00:00+00:00,2013-11-25T00:00:00+00:00,dlr ulr dsr usr,RIME,automatically detected as rime-affected (bav),https://github.com/GEUS-Glaciology-and-Climate/PROMICE-AWS-data-issues/issues/61
THU_U,2013-12-07T00:00:00+00:00,2013-12-09T00:00:00+00:00,dlr ulr dsr usr,RIME,automatically detected as rime-affected (bav),https://github.com/GEUS-Glaciology-and-Climate/PROMICE-AWS-data-issues/issues/61
THU_U,2013-12-16T00:00:00+00:00,2013-12-20T00:00:00+00:00,dlr ulr dsr usr,RIME,automatically detected as rime-affected (bav),https://github.com/GEUS-Glaciology-and-Climate/PROMICE-AWS-data-issues/issues/61
THU_U,2014-01-03T00:00:00+00:00,2014-01-07T00:00:00+00:00,dlr ulr dsr usr,RIME,automatically detected as rime-affected (bav),https://github.com/GEUS-Glaciology-and-Climate/PROMICE-AWS-data-issues/issues/61
THU_U,2014-01-18T00:00:00+00:00,2014-01-24T00:00:00+00:00,dlr ulr dsr usr,RIME,automatically detected as rime-affected (bav),https://github.com/GEUS-Glaciology-and-Climate/PROMICE-AWS-data-issues/issues/61
THU_U,2014-02-22T00:00:00+00:00,2014-02-26T00:00:00+00:00,dlr ulr dsr usr,RIME,automatically detected as rime-affected (bav),https://github.com/GEUS-Glaciology-and-Climate/PROMICE-AWS-data-issues/issues/61
THU_U,2014-03-06T00:00:00+00:00,2014-03-10T00:00:00+00:00,dlr ulr dsr usr,RIME,automatically detected as rime-affected (bav),https://github.com/GEUS-Glaciology-and-Climate/PROMICE-AWS-data-issues/issues/61
THU_U,2014-04-20T00:00:00+00:00,2014-04-23T00:00:00+00:00,dlr ulr dsr usr,RIME,automatically detected as rime-affected (bav),https://github.com/GEUS-Glaciology-and-Climate/PROMICE-AWS-data-issues/issues/61
THU_U,2014-09-26T00:00:00+00:00,2014-09-28T00:00:00+00:00,dlr ulr dsr usr,RIME,automatically detected as rime-affected (bav),https://github.com/GEUS-Glaciology-and-Climate/PROMICE-AWS-data-issues/issues/61
THU_U,2014-10-15T00:00:00+00:00,2014-10-20T00:00:00+00:00,dlr ulr dsr usr,RIME,automatically detected as rime-affected (bav),https://github.com/GEUS-Glaciology-and-Climate/PROMICE-AWS-data-issues/issues/61
THU_U,2014-10-25T00:00:00+00:00,2014-11-01T00:00:00+00:00,dlr ulr dsr usr,RIME,automatically detected as rime-affected (bav),https://github.com/GEUS-Glaciology-and-Climate/PROMICE-AWS-data-issues/issues/61
THU_U,2014-11-04T00:00:00+00:00,2014-11-12T00:00:00+00:00,dlr ulr dsr usr,RIME,automatically detected as rime-affected (bav),https://github.com/GEUS-Glaciology-and-Climate/PROMICE-AWS-data-issues/issues/61
THU_U,2014-11-26T00:00:00+00:00,2014-11-28T00:00:00+00:00,dlr ulr dsr usr,RIME,automatically detected as rime-affected (bav),https://github.com/GEUS-Glaciology-and-Climate/PROMICE-AWS-data-issues/issues/61
THU_U,2015-10-04T00:00:00+00:00,2015-10-06T00:00:00+00:00,dlr ulr dsr usr,RIME,automatically detected as rime-affected (bav),https://github.com/GEUS-Glaciology-and-Climate/PROMICE-AWS-data-issues/issues/61
THU_U,2015-10-22T00:00:00+00:00,2015-10-24T00:00:00+00:00,dlr ulr dsr usr,RIME,automatically detected as rime-affected (bav),https://github.com/GEUS-Glaciology-and-Climate/PROMICE-AWS-data-issues/issues/61
THU_U,2015-10-31T00:00:00+00:00,2015-11-10T00:00:00+00:00,dlr ulr dsr usr,RIME,automatically detected as rime-affected (bav),https://github.com/GEUS-Glaciology-and-Climate/PROMICE-AWS-data-issues/issues/61
THU_U,2015-11-23T00:00:00+00:00,2015-11-28T00:00:00+00:00,dlr ulr dsr usr,RIME,automatically detected as rime-affected (bav),https://github.com/GEUS-Glaciology-and-Climate/PROMICE-AWS-data-issues/issues/61
THU_U,2015-12-06T00:00:00+00:00,2015-12-08T00:00:00+00:00,dlr ulr dsr usr,RIME,automatically detected as rime-affected (bav),https://github.com/GEUS-Glaciology-and-Climate/PROMICE-AWS-data-issues/issues/61
THU_U,2015-12-11T00:00:00+00:00,2015-12-13T00:00:00+00:00,dlr ulr dsr usr,RIME,automatically detected as rime-affected (bav),https://github.com/GEUS-Glaciology-and-Climate/PROMICE-AWS-data-issues/issues/61
THU_U,2016-03-03T00:00:00+00:00,2016-03-05T00:00:00+00:00,dlr ulr dsr usr,RIME,automatically detected as rime-affected (bav),https://github.com/GEUS-Glaciology-and-Climate/PROMICE-AWS-data-issues/issues/61
THU_U,2016-09-16T00:00:00+00:00,2016-09-18T00:00:00+00:00,dlr ulr dsr usr,RIME,automatically detected as rime-affected (bav),https://github.com/GEUS-Glaciology-and-Climate/PROMICE-AWS-data-issues/issues/61
THU_U,2016-11-12T00:00:00+00:00,2016-11-17T00:00:00+00:00,dlr ulr dsr usr,RIME,automatically detected as rime-affected (bav),https://github.com/GEUS-Glaciology-and-Climate/PROMICE-AWS-data-issues/issues/61
THU_U,2016-11-24T00:00:00+00:00,2016-11-28T00:00:00+00:00,dlr ulr dsr usr,RIME,automatically detected as rime-affected (bav),https://github.com/GEUS-Glaciology-and-Climate/PROMICE-AWS-data-issues/issues/61
THU_U,2016-12-18T00:00:00+00:00,2016-12-23T00:00:00+00:00,dlr ulr dsr usr,RIME,automatically detected as rime-affected (bav),https://github.com/GEUS-Glaciology-and-Climate/PROMICE-AWS-data-issues/issues/61
THU_U,2017-10-10T00:00:00+00:00,2017-10-16T00:00:00+00:00,dlr ulr dsr usr,RIME,automatically detected as rime-affected (bav),https://github.com/GEUS-Glaciology-and-Climate/PROMICE-AWS-data-issues/issues/61
THU_U,2017-10-21T00:00:00+00:00,2017-10-23T00:00:00+00:00,dlr ulr dsr usr,RIME,automatically detected as rime-affected (bav),https://github.com/GEUS-Glaciology-and-Climate/PROMICE-AWS-data-issues/issues/61
THU_U,2017-10-28T00:00:00+00:00,2017-11-01T00:00:00+00:00,dlr ulr dsr usr,RIME,automatically detected as rime-affected (bav),https://github.com/GEUS-Glaciology-and-Climate/PROMICE-AWS-data-issues/issues/61
THU_U,2017-12-11T00:00:00+00:00,2017-12-24T00:00:00+00:00,dlr ulr dsr usr,RIME,automatically detected as rime-affected (bav),https://github.com/GEUS-Glaciology-and-Climate/PROMICE-AWS-data-issues/issues/61
THU_U,2018-10-24T00:00:00+00:00,2018-10-26T00:00:00+00:00,dlr ulr dsr usr,RIME,automatically detected as rime-affected (bav),https://github.com/GEUS-Glaciology-and-Climate/PROMICE-AWS-data-issues/issues/61
THU_U,2018-12-03T00:00:00+00:00,2018-12-05T00:00:00+00:00,dlr ulr dsr usr,RIME,automatically detected as rime-affected (bav),https://github.com/GEUS-Glaciology-and-Climate/PROMICE-AWS-data-issues/issues/61
THU_U,2019-02-23T00:00:00+00:00,2019-02-25T00:00:00+00:00,dlr ulr dsr usr,RIME,automatically detected as rime-affected (bav),https://github.com/GEUS-Glaciology-and-Climate/PROMICE-AWS-data-issues/issues/61
THU_U,2019-03-09T00:00:00+00:00,2019-03-14T00:00:00+00:00,dlr ulr dsr usr,RIME,automatically detected as rime-affected (bav),https://github.com/GEUS-Glaciology-and-Climate/PROMICE-AWS-data-issues/issues/61
THU_U,2019-04-09T00:00:00+00:00,2019-04-15T00:00:00+00:00,dlr ulr dsr usr,RIME,automatically detected as rime-affected (bav),https://github.com/GEUS-Glaciology-and-Climate/PROMICE-AWS-data-issues/issues/61
THU_U,2019-10-05T00:00:00+00:00,2019-10-07T00:00:00+00:00,dlr ulr dsr usr,RIME,automatically detected as rime-affected (bav),https://github.com/GEUS-Glaciology-and-Climate/PROMICE-AWS-data-issues/issues/61
THU_U,2019-10-18T00:00:00+00:00,2019-10-20T00:00:00+00:00,dlr ulr dsr usr,RIME,automatically detected as rime-affected (bav),https://github.com/GEUS-Glaciology-and-Climate/PROMICE-AWS-data-issues/issues/61
THU_U,2020-01-29T00:00:00+00:00,2020-02-02T00:00:00+00:00,dlr ulr dsr usr,RIME,automatically detected as rime-affected (bav),https://github.com/GEUS-Glaciology-and-Climate/PROMICE-AWS-data-issues/issues/61
THU_U,2020-10-24T00:00:00+00:00,2020-11-09T00:00:00+00:00,dlr ulr dsr usr,RIME,automatically detected as rime-affected (bav),https://github.com/GEUS-Glaciology-and-Climate/PROMICE-AWS-data-issues/issues/61
THU_U,2020-11-25T00:00:00+00:00,2020-11-27T00:00:00+00:00,dlr ulr dsr usr,RIME,automatically detected as rime-affected (bav),https://github.com/GEUS-Glaciology-and-Climate/PROMICE-AWS-data-issues/issues/61
THU_U,2021-04-12T00:00:00+00:00,2021-04-15T00:00:00+00:00,dlr ulr dsr usr,RIME,automatically detected as rime-affected (bav),https://github.com/GEUS-Glaciology-and-Climate/PROMICE-AWS-data-issues/issues/61
THU_U2,2018-10-14T00:00:00+00:00,2018-10-22T00:00:00+00:00,dlr ulr dsr usr,RIME,automatically detected as rime-affected (bav),https://github.com/GEUS-Glaciology-and-Climate/PROMICE-AWS-data-issues/issues/61
THU_U2,2018-12-03T00:00:00+00:00,2018-12-05T00:00:00+00:00,dlr ulr dsr usr,RIME,automatically detected as rime-affected (bav),https://github.com/GEUS-Glaciology-and-Climate/PROMICE-AWS-data-issues/issues/61
THU_U2,2018-12-20T00:00:00+00:00,2018-12-23T00:00:00+00:00,dlr ulr dsr usr,RIME,automatically detected as rime-affected (bav),https://github.com/GEUS-Glaciology-and-Climate/PROMICE-AWS-data-issues/issues/61
THU_U2,2019-02-23T00:00:00+00:00,2019-02-25T00:00:00+00:00,dlr ulr dsr usr,RIME,automatically detected as rime-affected (bav),https://github.com/GEUS-Glaciology-and-Climate/PROMICE-AWS-data-issues/issues/61
THU_U2,2019-03-09T00:00:00+00:00,2019-03-14T00:00:00+00:00,dlr ulr dsr usr,RIME,automatically detected as rime-affected (bav),https://github.com/GEUS-Glaciology-and-Climate/PROMICE-AWS-data-issues/issues/61
THU_U2,2019-04-09T00:00:00+00:00,2019-04-13T00:00:00+00:00,dlr ulr dsr usr,RIME,automatically detected as rime-affected (bav),https://github.com/GEUS-Glaciology-and-Climate/PROMICE-AWS-data-issues/issues/61
THU_U2,2019-10-18T00:00:00+00:00,2019-10-21T00:00:00+00:00,dlr ulr dsr usr,RIME,automatically detected as rime-affected (bav),https://github.com/GEUS-Glaciology-and-Climate/PROMICE-AWS-data-issues/issues/61
THU_U2,2019-10-29T00:00:00+00:00,2019-11-01T00:00:00+00:00,dlr ulr dsr usr,RIME,automatically detected as rime-affected (bav),https://github.com/GEUS-Glaciology-and-Climate/PROMICE-AWS-data-issues/issues/61
THU_U2,2019-11-22T00:00:00+00:00,2019-11-24T00:00:00+00:00,dlr ulr dsr usr,RIME,automatically detected as rime-affected (bav),https://github.com/GEUS-Glaciology-and-Climate/PROMICE-AWS-data-issues/issues/61
THU_U2,2019-11-27T00:00:00+00:00,2019-11-29T00:00:00+00:00,dlr ulr dsr usr,RIME,automatically detected as rime-affected (bav),https://github.com/GEUS-Glaciology-and-Climate/PROMICE-AWS-data-issues/issues/61
THU_U2,2020-01-02T00:00:00+00:00,2020-01-06T00:00:00+00:00,dlr ulr dsr usr,RIME,automatically detected as rime-affected (bav),https://github.com/GEUS-Glaciology-and-Climate/PROMICE-AWS-data-issues/issues/61
THU_U2,2020-01-29T00:00:00+00:00,2020-02-05T00:00:00+00:00,dlr ulr dsr usr,RIME,automatically detected as rime-affected (bav),https://github.com/GEUS-Glaciology-and-Climate/PROMICE-AWS-data-issues/issues/61
THU_U2,2020-10-24T00:00:00+00:00,2020-11-09T00:00:00+00:00,dlr ulr dsr usr,RIME,automatically detected as rime-affected (bav),https://github.com/GEUS-Glaciology-and-Climate/PROMICE-AWS-data-issues/issues/61
THU_U2,2020-11-23T00:00:00+00:00,2020-12-10T00:00:00+00:00,dlr ulr dsr usr,RIME,automatically detected as rime-affected (bav),https://github.com/GEUS-Glaciology-and-Climate/PROMICE-AWS-data-issues/issues/61
THU_U2,2020-12-25T00:00:00+00:00,2020-12-28T00:00:00+00:00,dlr ulr dsr usr,RIME,automatically detected as rime-affected (bav),https://github.com/GEUS-Glaciology-and-Climate/PROMICE-AWS-data-issues/issues/61
THU_U2,2021-04-12T00:00:00+00:00,2021-04-14T00:00:00+00:00,dlr ulr dsr usr,RIME,automatically detected as rime-affected (bav),https://github.com/GEUS-Glaciology-and-Climate/PROMICE-AWS-data-issues/issues/61
THU_U2,2021-09-05T00:00:00+00:00,2021-09-07T00:00:00+00:00,dlr ulr dsr usr,RIME,automatically detected as rime-affected (bav),https://github.com/GEUS-Glaciology-and-Climate/PROMICE-AWS-data-issues/issues/61
THU_U2,2021-10-21T00:00:00+00:00,2021-10-26T00:00:00+00:00,dlr ulr dsr usr,RIME,automatically detected as rime-affected (bav),https://github.com/GEUS-Glaciology-and-Climate/PROMICE-AWS-data-issues/issues/61
THU_U2,2021-11-14T00:00:00+00:00,2021-11-17T00:00:00+00:00,dlr ulr dsr usr,RIME,automatically detected as rime-affected (bav),https://github.com/GEUS-Glaciology-and-Climate/PROMICE-AWS-data-issues/issues/61
THU_U2,2021-11-21T00:00:00+00:00,2021-11-24T00:00:00+00:00,dlr ulr dsr usr,RIME,automatically detected as rime-affected (bav),https://github.com/GEUS-Glaciology-and-Climate/PROMICE-AWS-data-issues/issues/61
THU_U2,2021-12-15T00:00:00+00:00,2021-12-19T00:00:00+00:00,dlr ulr dsr usr,RIME,automatically detected as rime-affected (bav),https://github.com/GEUS-Glaciology-and-Climate/PROMICE-AWS-data-issues/issues/61
THU_U2,2021-12-30T00:00:00+00:00,2022-01-01T00:00:00+00:00,dlr ulr dsr usr,RIME,automatically detected as rime-affected (bav),https://github.com/GEUS-Glaciology-and-Climate/PROMICE-AWS-data-issues/issues/61
THU_U2,2022-01-08T00:00:00+00:00,2022-01-10T00:00:00+00:00,dlr ulr dsr usr,RIME,automatically detected as rime-affected (bav),https://github.com/GEUS-Glaciology-and-Climate/PROMICE-AWS-data-issues/issues/61
THU_U2,2022-09-29T00:00:00+00:00,2022-10-10T00:00:00+00:00,dlr ulr dsr usr,RIME,automatically detected as rime-affected (bav),https://github.com/GEUS-Glaciology-and-Climate/PROMICE-AWS-data-issues/issues/61
THU_U2,2022-10-17T00:00:00+00:00,2022-10-21T00:00:00+00:00,dlr ulr dsr usr,RIME,automatically detected as rime-affected (bav),https://github.com/GEUS-Glaciology-and-Climate/PROMICE-AWS-data-issues/issues/61
THU_U2,2022-10-24T00:00:00+00:00,2022-11-04T00:00:00+00:00,dlr ulr dsr usr,RIME,automatically detected as rime-affected (bav),https://github.com/GEUS-Glaciology-and-Climate/PROMICE-AWS-data-issues/issues/61
THU_U2,2022-11-16T00:00:00+00:00,2022-11-19T00:00:00+00:00,dlr ulr dsr usr,RIME,automatically detected as rime-affected (bav),https://github.com/GEUS-Glaciology-and-Climate/PROMICE-AWS-data-issues/issues/61
THU_U2,2022-11-24T00:00:00+00:00,2022-12-03T00:00:00+00:00,dlr ulr dsr usr,RIME,automatically detected as rime-affected (bav),https://github.com/GEUS-Glaciology-and-Climate/PROMICE-AWS-data-issues/issues/61
THU_U2,2022-12-10T00:00:00+00:00,2022-12-13T00:00:00+00:00,dlr ulr dsr usr,RIME,automatically detected as rime-affected (bav),https://github.com/GEUS-Glaciology-and-Climate/PROMICE-AWS-data-issues/issues/61
THU_U2,2022-12-28T00:00:00+00:00,2023-01-02T00:00:00+00:00,dlr ulr dsr usr,RIME,automatically detected as rime-affected (bav),https://github.com/GEUS-Glaciology-and-Climate/PROMICE-AWS-data-issues/issues/61
THU_U2v3,2024-10-30T00:00:00+00:00,2024-11-01T00:00:00+00:00,dlr ulr dsr usr,RIME,automatically detected as rime-affected (bav),https://github.com/GEUS-Glaciology-and-Climate/PROMICE-AWS-data-issues/issues/61
TUN,2022-10-30T00:00:00+00:00,2022-11-01T00:00:00+00:00,dlr ulr dsr usr,RIME,automatically detected as rime-affected (bav),https://github.com/GEUS-Glaciology-and-Climate/PROMICE-AWS-data-issues/issues/61
TUN,2023-10-20T00:00:00+00:00,2023-10-22T00:00:00+00:00,dlr ulr dsr usr,RIME,automatically detected as rime-affected (bav),https://github.com/GEUS-Glaciology-and-Climate/PROMICE-AWS-data-issues/issues/61
TUN,2023-11-05T00:00:00+00:00,2023-11-26T00:00:00+00:00,dlr ulr dsr usr,RIME,automatically detected as rime-affected (bav),https://github.com/GEUS-Glaciology-and-Climate/PROMICE-AWS-data-issues/issues/61
TUN,2023-12-16T00:00:00+00:00,2023-12-18T00:00:00+00:00,dlr ulr dsr usr,RIME,automatically detected as rime-affected (bav),https://github.com/GEUS-Glaciology-and-Climate/PROMICE-AWS-data-issues/issues/61
TUN,2023-12-21T00:00:00+00:00,2023-12-23T00:00:00+00:00,dlr ulr dsr usr,RIME,automatically detected as rime-affected (bav),https://github.com/GEUS-Glaciology-and-Climate/PROMICE-AWS-data-issues/issues/61
TUN,2023-12-31T00:00:00+00:00,2024-01-06T00:00:00+00:00,dlr ulr dsr usr,RIME,automatically detected as rime-affected (bav),https://github.com/GEUS-Glaciology-and-Climate/PROMICE-AWS-data-issues/issues/61
TUN,2024-01-09T00:00:00+00:00,2024-01-11T00:00:00+00:00,dlr ulr dsr usr,RIME,automatically detected as rime-affected (bav),https://github.com/GEUS-Glaciology-and-Climate/PROMICE-AWS-data-issues/issues/61
TUN,2024-09-26T00:00:00+00:00,2024-10-04T00:00:00+00:00,dlr ulr dsr usr,RIME,automatically detected as rime-affected (bav),https://github.com/GEUS-Glaciology-and-Climate/PROMICE-AWS-data-issues/issues/61
TUN,2024-10-16T00:00:00+00:00,2024-10-19T00:00:00+00:00,dlr ulr dsr usr,RIME,automatically detected as rime-affected (bav),https://github.com/GEUS-Glaciology-and-Climate/PROMICE-AWS-data-issues/issues/61
TUN,2024-10-27T00:00:00+00:00,2024-10-31T00:00:00+00:00,dlr ulr dsr usr,RIME,automatically detected as rime-affected (bav),https://github.com/GEUS-Glaciology-and-Climate/PROMICE-AWS-data-issues/issues/61
TUN,2025-10-25T00:00:00+00:00,2026-01-26T00:00:00+00:00,dlr ulr dsr usr,RIME,automatically detected as rime-affected (bav),https://github.com/GEUS-Glaciology-and-Climate/PROMICE-AWS-data-issues/issues/61
UPE_L,2010-01-01T00:00:00+00:00,2010-01-08T00:00:00+00:00,dlr ulr dsr usr,RIME,automatically detected as rime-affected (bav),https://github.com/GEUS-Glaciology-and-Climate/PROMICE-AWS-data-issues/issues/61
UPE_L,2010-01-14T00:00:00+00:00,2010-01-26T00:00:00+00:00,dlr ulr dsr usr,RIME,automatically detected as rime-affected (bav),https://github.com/GEUS-Glaciology-and-Climate/PROMICE-AWS-data-issues/issues/61
UPE_L,2010-01-30T00:00:00+00:00,2010-02-01T00:00:00+00:00,dlr ulr dsr usr,RIME,automatically detected as rime-affected (bav),https://github.com/GEUS-Glaciology-and-Climate/PROMICE-AWS-data-issues/issues/61
UPE_L,2010-02-09T00:00:00+00:00,2010-02-13T00:00:00+00:00,dlr ulr dsr usr,RIME,automatically detected as rime-affected (bav),https://github.com/GEUS-Glaciology-and-Climate/PROMICE-AWS-data-issues/issues/61
UPE_L,2010-04-06T00:00:00+00:00,2010-04-08T00:00:00+00:00,dlr ulr dsr usr,RIME,automatically detected as rime-affected (bav),https://github.com/GEUS-Glaciology-and-Climate/PROMICE-AWS-data-issues/issues/61
UPE_L,2011-01-02T00:00:00+00:00,2011-01-06T00:00:00+00:00,dlr ulr dsr usr,RIME,automatically detected as rime-affected (bav),https://github.com/GEUS-Glaciology-and-Climate/PROMICE-AWS-data-issues/issues/61
UPE_L,2011-02-10T00:00:00+00:00,2011-02-22T00:00:00+00:00,dlr ulr dsr usr,RIME,automatically detected as rime-affected (bav),https://github.com/GEUS-Glaciology-and-Climate/PROMICE-AWS-data-issues/issues/61
UPE_L,2011-03-29T00:00:00+00:00,2011-04-05T00:00:00+00:00,dlr ulr dsr usr,RIME,automatically detected as rime-affected (bav),https://github.com/GEUS-Glaciology-and-Climate/PROMICE-AWS-data-issues/issues/61
UPE_L,2012-01-08T00:00:00+00:00,2012-01-10T00:00:00+00:00,dlr ulr dsr usr,RIME,automatically detected as rime-affected (bav),https://github.com/GEUS-Glaciology-and-Climate/PROMICE-AWS-data-issues/issues/61
UPE_L,2012-01-19T00:00:00+00:00,2012-01-22T00:00:00+00:00,dlr ulr dsr usr,RIME,automatically detected as rime-affected (bav),https://github.com/GEUS-Glaciology-and-Climate/PROMICE-AWS-data-issues/issues/61
UPE_L,2012-01-25T00:00:00+00:00,2012-02-06T00:00:00+00:00,dlr ulr dsr usr,RIME,automatically detected as rime-affected (bav),https://github.com/GEUS-Glaciology-and-Climate/PROMICE-AWS-data-issues/issues/61
UPE_L,2012-02-15T00:00:00+00:00,2012-03-01T00:00:00+00:00,dlr ulr dsr usr,RIME,automatically detected as rime-affected (bav),https://github.com/GEUS-Glaciology-and-Climate/PROMICE-AWS-data-issues/issues/61
UPE_L,2012-03-09T00:00:00+00:00,2012-03-11T00:00:00+00:00,dlr ulr dsr usr,RIME,automatically detected as rime-affected (bav),https://github.com/GEUS-Glaciology-and-Climate/PROMICE-AWS-data-issues/issues/61
UPE_L,2012-03-18T00:00:00+00:00,2012-03-30T00:00:00+00:00,dlr ulr dsr usr,RIME,automatically detected as rime-affected (bav),https://github.com/GEUS-Glaciology-and-Climate/PROMICE-AWS-data-issues/issues/61
UPE_L,2012-04-04T00:00:00+00:00,2012-04-12T00:00:00+00:00,dlr ulr dsr usr,RIME,automatically detected as rime-affected (bav),https://github.com/GEUS-Glaciology-and-Climate/PROMICE-AWS-data-issues/issues/61
UPE_L,2013-01-10T00:00:00+00:00,2013-01-14T00:00:00+00:00,dlr ulr dsr usr,RIME,automatically detected as rime-affected (bav),https://github.com/GEUS-Glaciology-and-Climate/PROMICE-AWS-data-issues/issues/61
UPE_L,2013-01-30T00:00:00+00:00,2013-02-01T00:00:00+00:00,dlr ulr dsr usr,RIME,automatically detected as rime-affected (bav),https://github.com/GEUS-Glaciology-and-Climate/PROMICE-AWS-data-issues/issues/61
UPE_L,2013-02-22T00:00:00+00:00,2013-02-25T00:00:00+00:00,dlr ulr dsr usr,RIME,automatically detected as rime-affected (bav),https://github.com/GEUS-Glaciology-and-Climate/PROMICE-AWS-data-issues/issues/61
UPE_L,2013-02-28T00:00:00+00:00,2013-03-05T00:00:00+00:00,dlr ulr dsr usr,RIME,automatically detected as rime-affected (bav),https://github.com/GEUS-Glaciology-and-Climate/PROMICE-AWS-data-issues/issues/61
UPE_L,2013-03-30T00:00:00+00:00,2013-04-02T00:00:00+00:00,dlr ulr dsr usr,RIME,automatically detected as rime-affected (bav),https://github.com/GEUS-Glaciology-and-Climate/PROMICE-AWS-data-issues/issues/61
UPE_L,2013-12-14T00:00:00+00:00,2013-12-18T00:00:00+00:00,dlr ulr dsr usr,RIME,automatically detected as rime-affected (bav),https://github.com/GEUS-Glaciology-and-Climate/PROMICE-AWS-data-issues/issues/61
UPE_L,2014-01-24T00:00:00+00:00,2014-01-29T00:00:00+00:00,dlr ulr dsr usr,RIME,automatically detected as rime-affected (bav),https://github.com/GEUS-Glaciology-and-Climate/PROMICE-AWS-data-issues/issues/61
UPE_L,2014-02-11T00:00:00+00:00,2014-02-13T00:00:00+00:00,dlr ulr dsr usr,RIME,automatically detected as rime-affected (bav),https://github.com/GEUS-Glaciology-and-Climate/PROMICE-AWS-data-issues/issues/61
UPE_L,2014-02-19T00:00:00+00:00,2014-02-23T00:00:00+00:00,dlr ulr dsr usr,RIME,automatically detected as rime-affected (bav),https://github.com/GEUS-Glaciology-and-Climate/PROMICE-AWS-data-issues/issues/61
UPE_L,2014-03-29T00:00:00+00:00,2014-04-06T00:00:00+00:00,dlr ulr dsr usr,RIME,automatically detected as rime-affected (bav),https://github.com/GEUS-Glaciology-and-Climate/PROMICE-AWS-data-issues/issues/61
UPE_L,2014-04-12T00:00:00+00:00,2014-04-16T00:00:00+00:00,dlr ulr dsr usr,RIME,automatically detected as rime-affected (bav),https://github.com/GEUS-Glaciology-and-Climate/PROMICE-AWS-data-issues/issues/61
UPE_L,2015-01-27T00:00:00+00:00,2015-01-30T00:00:00+00:00,dlr ulr dsr usr,RIME,automatically detected as rime-affected (bav),https://github.com/GEUS-Glaciology-and-Climate/PROMICE-AWS-data-issues/issues/61
UPE_L,2015-02-04T00:00:00+00:00,2015-02-10T00:00:00+00:00,dlr ulr dsr usr,RIME,automatically detected as rime-affected (bav),https://github.com/GEUS-Glaciology-and-Climate/PROMICE-AWS-data-issues/issues/61
UPE_L,2015-03-06T00:00:00+00:00,2015-03-16T00:00:00+00:00,dlr ulr dsr usr,RIME,automatically detected as rime-affected (bav),https://github.com/GEUS-Glaciology-and-Climate/PROMICE-AWS-data-issues/issues/61
UPE_L,2015-04-13T00:00:00+00:00,2015-04-16T00:00:00+00:00,dlr ulr dsr usr,RIME,automatically detected as rime-affected (bav),https://github.com/GEUS-Glaciology-and-Climate/PROMICE-AWS-data-issues/issues/61
UPE_L,2015-05-14T00:00:00+00:00,2015-05-17T00:00:00+00:00,dlr ulr dsr usr,RIME,automatically detected as rime-affected (bav),https://github.com/GEUS-Glaciology-and-Climate/PROMICE-AWS-data-issues/issues/61
UPE_L,2015-11-24T00:00:00+00:00,2015-11-26T00:00:00+00:00,dlr ulr dsr usr,RIME,automatically detected as rime-affected (bav),https://github.com/GEUS-Glaciology-and-Climate/PROMICE-AWS-data-issues/issues/61
UPE_L,2015-12-12T00:00:00+00:00,2015-12-14T00:00:00+00:00,dlr ulr dsr usr,RIME,automatically detected as rime-affected (bav),https://github.com/GEUS-Glaciology-and-Climate/PROMICE-AWS-data-issues/issues/61
UPE_L,2015-12-20T00:00:00+00:00,2015-12-23T00:00:00+00:00,dlr ulr dsr usr,RIME,automatically detected as rime-affected (bav),https://github.com/GEUS-Glaciology-and-Climate/PROMICE-AWS-data-issues/issues/61
UPE_L,2015-12-29T00:00:00+00:00,2016-01-03T00:00:00+00:00,dlr ulr dsr usr,RIME,automatically detected as rime-affected (bav),https://github.com/GEUS-Glaciology-and-Climate/PROMICE-AWS-data-issues/issues/61
UPE_L,2016-02-07T00:00:00+00:00,2016-02-12T00:00:00+00:00,dlr ulr dsr usr,RIME,automatically detected as rime-affected (bav),https://github.com/GEUS-Glaciology-and-Climate/PROMICE-AWS-data-issues/issues/61
UPE_L,2016-02-17T00:00:00+00:00,2016-02-21T00:00:00+00:00,dlr ulr dsr usr,RIME,automatically detected as rime-affected (bav),https://github.com/GEUS-Glaciology-and-Climate/PROMICE-AWS-data-issues/issues/61
UPE_L,2016-03-11T00:00:00+00:00,2016-03-15T00:00:00+00:00,dlr ulr dsr usr,RIME,automatically detected as rime-affected (bav),https://github.com/GEUS-Glaciology-and-Climate/PROMICE-AWS-data-issues/issues/61
UPE_L,2016-03-20T00:00:00+00:00,2016-03-29T00:00:00+00:00,dlr ulr dsr usr,RIME,automatically detected as rime-affected (bav),https://github.com/GEUS-Glaciology-and-Climate/PROMICE-AWS-data-issues/issues/61
UPE_L,2016-10-08T00:00:00+00:00,2016-10-13T00:00:00+00:00,dlr ulr dsr usr,RIME,automatically detected as rime-affected (bav),https://github.com/GEUS-Glaciology-and-Climate/PROMICE-AWS-data-issues/issues/61
UPE_L,2016-12-06T00:00:00+00:00,2016-12-12T00:00:00+00:00,dlr ulr dsr usr,RIME,automatically detected as rime-affected (bav),https://github.com/GEUS-Glaciology-and-Climate/PROMICE-AWS-data-issues/issues/61
UPE_L,2017-01-21T00:00:00+00:00,2017-01-26T00:00:00+00:00,dlr ulr dsr usr,RIME,automatically detected as rime-affected (bav),https://github.com/GEUS-Glaciology-and-Climate/PROMICE-AWS-data-issues/issues/61
UPE_L,2017-02-10T00:00:00+00:00,2017-02-25T00:00:00+00:00,dlr ulr dsr usr,RIME,automatically detected as rime-affected (bav),https://github.com/GEUS-Glaciology-and-Climate/PROMICE-AWS-data-issues/issues/61
UPE_L,2017-03-01T00:00:00+00:00,2017-03-09T00:00:00+00:00,dlr ulr dsr usr,RIME,automatically detected as rime-affected (bav),https://github.com/GEUS-Glaciology-and-Climate/PROMICE-AWS-data-issues/issues/61
UPE_L,2017-03-15T00:00:00+00:00,2017-03-27T00:00:00+00:00,dlr ulr dsr usr,RIME,automatically detected as rime-affected (bav),https://github.com/GEUS-Glaciology-and-Climate/PROMICE-AWS-data-issues/issues/61
UPE_L,2017-12-11T00:00:00+00:00,2017-12-14T00:00:00+00:00,dlr ulr dsr usr,RIME,automatically detected as rime-affected (bav),https://github.com/GEUS-Glaciology-and-Climate/PROMICE-AWS-data-issues/issues/61
UPE_L,2017-12-17T00:00:00+00:00,2017-12-20T00:00:00+00:00,dlr ulr dsr usr,RIME,automatically detected as rime-affected (bav),https://github.com/GEUS-Glaciology-and-Climate/PROMICE-AWS-data-issues/issues/61
UPE_L,2018-01-14T00:00:00+00:00,2018-01-16T00:00:00+00:00,dlr ulr dsr usr,RIME,automatically detected as rime-affected (bav),https://github.com/GEUS-Glaciology-and-Climate/PROMICE-AWS-data-issues/issues/61
UPE_L,2018-01-26T00:00:00+00:00,2018-02-06T00:00:00+00:00,dlr ulr dsr usr,RIME,automatically detected as rime-affected (bav),https://github.com/GEUS-Glaciology-and-Climate/PROMICE-AWS-data-issues/issues/61
UPE_L,2018-02-18T00:00:00+00:00,2018-02-27T00:00:00+00:00,dlr ulr dsr usr,RIME,automatically detected as rime-affected (bav),https://github.com/GEUS-Glaciology-and-Climate/PROMICE-AWS-data-issues/issues/61
UPE_L,2018-03-03T00:00:00+00:00,2018-03-30T00:00:00+00:00,dlr ulr dsr usr,RIME,automatically detected as rime-affected (bav),https://github.com/GEUS-Glaciology-and-Climate/PROMICE-AWS-data-issues/issues/61
UPE_L,2018-04-25T00:00:00+00:00,2018-04-27T00:00:00+00:00,dlr ulr dsr usr,RIME,automatically detected as rime-affected (bav),https://github.com/GEUS-Glaciology-and-Climate/PROMICE-AWS-data-issues/issues/61
UPE_L,2018-11-18T00:00:00+00:00,2018-11-20T00:00:00+00:00,dlr ulr dsr usr,RIME,automatically detected as rime-affected (bav),https://github.com/GEUS-Glaciology-and-Climate/PROMICE-AWS-data-issues/issues/61
UPE_L,2018-11-26T00:00:00+00:00,2018-11-30T00:00:00+00:00,dlr ulr dsr usr,RIME,automatically detected as rime-affected (bav),https://github.com/GEUS-Glaciology-and-Climate/PROMICE-AWS-data-issues/issues/61
UPE_L,2018-12-14T00:00:00+00:00,2019-01-07T00:00:00+00:00,dlr ulr dsr usr,RIME,automatically detected as rime-affected (bav),https://github.com/GEUS-Glaciology-and-Climate/PROMICE-AWS-data-issues/issues/61
UPE_L,2019-01-13T00:00:00+00:00,2019-01-23T00:00:00+00:00,dlr ulr dsr usr,RIME,automatically detected as rime-affected (bav),https://github.com/GEUS-Glaciology-and-Climate/PROMICE-AWS-data-issues/issues/61
UPE_L,2019-01-29T00:00:00+00:00,2019-01-31T00:00:00+00:00,dlr ulr dsr usr,RIME,automatically detected as rime-affected (bav),https://github.com/GEUS-Glaciology-and-Climate/PROMICE-AWS-data-issues/issues/61
UPE_L,2019-02-07T00:00:00+00:00,2019-03-16T00:00:00+00:00,dlr ulr dsr usr,RIME,automatically detected as rime-affected (bav),https://github.com/GEUS-Glaciology-and-Climate/PROMICE-AWS-data-issues/issues/61
UPE_L,2019-04-11T00:00:00+00:00,2019-04-15T00:00:00+00:00,dlr ulr dsr usr,RIME,automatically detected as rime-affected (bav),https://github.com/GEUS-Glaciology-and-Climate/PROMICE-AWS-data-issues/issues/61
UPE_L,2019-04-22T00:00:00+00:00,2019-04-26T00:00:00+00:00,dlr ulr dsr usr,RIME,automatically detected as rime-affected (bav),https://github.com/GEUS-Glaciology-and-Climate/PROMICE-AWS-data-issues/issues/61
UPE_L,2020-01-04T00:00:00+00:00,2020-01-07T00:00:00+00:00,dlr ulr dsr usr,RIME,automatically detected as rime-affected (bav),https://github.com/GEUS-Glaciology-and-Climate/PROMICE-AWS-data-issues/issues/61
UPE_L,2020-01-25T00:00:00+00:00,2020-02-12T00:00:00+00:00,dlr ulr dsr usr,RIME,automatically detected as rime-affected (bav),https://github.com/GEUS-Glaciology-and-Climate/PROMICE-AWS-data-issues/issues/61
UPE_L,2020-03-07T00:00:00+00:00,2020-03-15T00:00:00+00:00,dlr ulr dsr usr,RIME,automatically detected as rime-affected (bav),https://github.com/GEUS-Glaciology-and-Climate/PROMICE-AWS-data-issues/issues/61
UPE_L,2020-11-10T00:00:00+00:00,2020-11-12T00:00:00+00:00,dlr ulr dsr usr,RIME,automatically detected as rime-affected (bav),https://github.com/GEUS-Glaciology-and-Climate/PROMICE-AWS-data-issues/issues/61
UPE_L,2021-01-12T00:00:00+00:00,2021-01-16T00:00:00+00:00,dlr ulr dsr usr,RIME,automatically detected as rime-affected (bav),https://github.com/GEUS-Glaciology-and-Climate/PROMICE-AWS-data-issues/issues/61
UPE_L,2021-01-27T00:00:00+00:00,2021-02-04T00:00:00+00:00,dlr ulr dsr usr,RIME,automatically detected as rime-affected (bav),https://github.com/GEUS-Glaciology-and-Climate/PROMICE-AWS-data-issues/issues/61
UPE_L,2021-02-14T00:00:00+00:00,2021-02-23T00:00:00+00:00,dlr ulr dsr usr,RIME,automatically detected as rime-affected (bav),https://github.com/GEUS-Glaciology-and-Climate/PROMICE-AWS-data-issues/issues/61
UPE_L,2021-03-04T00:00:00+00:00,2021-03-18T00:00:00+00:00,dlr ulr dsr usr,RIME,automatically detected as rime-affected (bav),https://github.com/GEUS-Glaciology-and-Climate/PROMICE-AWS-data-issues/issues/61
UPE_L,2021-03-21T00:00:00+00:00,2021-03-26T00:00:00+00:00,dlr ulr dsr usr,RIME,automatically detected as rime-affected (bav),https://github.com/GEUS-Glaciology-and-Climate/PROMICE-AWS-data-issues/issues/61
UPE_L,2021-11-01T00:00:00+00:00,2021-11-03T00:00:00+00:00,dlr ulr dsr usr,RIME,automatically detected as rime-affected (bav),https://github.com/GEUS-Glaciology-and-Climate/PROMICE-AWS-data-issues/issues/61
UPE_L,2021-12-09T00:00:00+00:00,2021-12-18T00:00:00+00:00,dlr ulr dsr usr,RIME,automatically detected as rime-affected (bav),https://github.com/GEUS-Glaciology-and-Climate/PROMICE-AWS-data-issues/issues/61
UPE_L,2021-12-26T00:00:00+00:00,2021-12-29T00:00:00+00:00,dlr ulr dsr usr,RIME,automatically detected as rime-affected (bav),https://github.com/GEUS-Glaciology-and-Climate/PROMICE-AWS-data-issues/issues/61
UPE_L,2022-01-07T00:00:00+00:00,2022-01-14T00:00:00+00:00,dlr ulr dsr usr,RIME,automatically detected as rime-affected (bav),https://github.com/GEUS-Glaciology-and-Climate/PROMICE-AWS-data-issues/issues/61
UPE_L,2022-02-13T00:00:00+00:00,2022-02-19T00:00:00+00:00,dlr ulr dsr usr,RIME,automatically detected as rime-affected (bav),https://github.com/GEUS-Glaciology-and-Climate/PROMICE-AWS-data-issues/issues/61
UPE_L,2022-04-06T00:00:00+00:00,2022-04-10T00:00:00+00:00,dlr ulr dsr usr,RIME,automatically detected as rime-affected (bav),https://github.com/GEUS-Glaciology-and-Climate/PROMICE-AWS-data-issues/issues/61
UPE_L,2022-11-16T00:00:00+00:00,2022-11-18T00:00:00+00:00,dlr ulr dsr usr,RIME,automatically detected as rime-affected (bav),https://github.com/GEUS-Glaciology-and-Climate/PROMICE-AWS-data-issues/issues/61
UPE_L,2022-11-30T00:00:00+00:00,2022-12-04T00:00:00+00:00,dlr ulr dsr usr,RIME,automatically detected as rime-affected (bav),https://github.com/GEUS-Glaciology-and-Climate/PROMICE-AWS-data-issues/issues/61
UPE_L,2022-12-11T00:00:00+00:00,2022-12-13T00:00:00+00:00,dlr ulr dsr usr,RIME,automatically detected as rime-affected (bav),https://github.com/GEUS-Glaciology-and-Climate/PROMICE-AWS-data-issues/issues/61
UPE_L,2022-12-20T00:00:00+00:00,2022-12-24T00:00:00+00:00,dlr ulr dsr usr,RIME,automatically detected as rime-affected (bav),https://github.com/GEUS-Glaciology-and-Climate/PROMICE-AWS-data-issues/issues/61
UPE_L,2022-12-30T00:00:00+00:00,2023-01-01T00:00:00+00:00,dlr ulr dsr usr,RIME,automatically detected as rime-affected (bav),https://github.com/GEUS-Glaciology-and-Climate/PROMICE-AWS-data-issues/issues/61
UPE_L,2023-01-10T00:00:00+00:00,2023-01-12T00:00:00+00:00,dlr ulr dsr usr,RIME,automatically detected as rime-affected (bav),https://github.com/GEUS-Glaciology-and-Climate/PROMICE-AWS-data-issues/issues/61
UPE_L,2023-02-04T00:00:00+00:00,2023-02-21T00:00:00+00:00,dlr ulr dsr usr,RIME,automatically detected as rime-affected (bav),https://github.com/GEUS-Glaciology-and-Climate/PROMICE-AWS-data-issues/issues/61
UPE_L,2023-03-02T00:00:00+00:00,2023-03-05T00:00:00+00:00,dlr ulr dsr usr,RIME,automatically detected as rime-affected (bav),https://github.com/GEUS-Glaciology-and-Climate/PROMICE-AWS-data-issues/issues/61
UPE_L,2023-03-17T00:00:00+00:00,2023-03-24T00:00:00+00:00,dlr ulr dsr usr,RIME,automatically detected as rime-affected (bav),https://github.com/GEUS-Glaciology-and-Climate/PROMICE-AWS-data-issues/issues/61
UPE_L,2023-04-16T00:00:00+00:00,2023-04-20T00:00:00+00:00,dlr ulr dsr usr,RIME,automatically detected as rime-affected (bav),https://github.com/GEUS-Glaciology-and-Climate/PROMICE-AWS-data-issues/issues/61
UPE_L,2023-05-05T00:00:00+00:00,2023-05-10T00:00:00+00:00,dlr ulr dsr usr,RIME,automatically detected as rime-affected (bav),https://github.com/GEUS-Glaciology-and-Climate/PROMICE-AWS-data-issues/issues/61
UPE_L,2024-04-09T00:00:00+00:00,2024-04-14T00:00:00+00:00,dlr ulr dsr usr,RIME,automatically detected as rime-affected (bav),https://github.com/GEUS-Glaciology-and-Climate/PROMICE-AWS-data-issues/issues/61
UPE_L,2024-04-30T00:00:00+00:00,2024-05-02T00:00:00+00:00,dlr ulr dsr usr,RIME,automatically detected as rime-affected (bav),https://github.com/GEUS-Glaciology-and-Climate/PROMICE-AWS-data-issues/issues/61
UPE_U,2009-10-31T00:00:00+00:00,2009-11-02T00:00:00+00:00,dlr ulr dsr usr,RIME,automatically detected as rime-affected (bav),https://github.com/GEUS-Glaciology-and-Climate/PROMICE-AWS-data-issues/issues/61
UPE_U,2010-01-06T00:00:00+00:00,2010-01-10T00:00:00+00:00,dlr ulr dsr usr,RIME,automatically detected as rime-affected (bav),https://github.com/GEUS-Glaciology-and-Climate/PROMICE-AWS-data-issues/issues/61
UPE_U,2010-01-14T00:00:00+00:00,2010-01-21T00:00:00+00:00,dlr ulr dsr usr,RIME,automatically detected as rime-affected (bav),https://github.com/GEUS-Glaciology-and-Climate/PROMICE-AWS-data-issues/issues/61
UPE_U,2011-01-02T00:00:00+00:00,2011-01-06T00:00:00+00:00,dlr ulr dsr usr,RIME,automatically detected as rime-affected (bav),https://github.com/GEUS-Glaciology-and-Climate/PROMICE-AWS-data-issues/issues/61
UPE_U,2012-03-09T00:00:00+00:00,2012-03-11T00:00:00+00:00,dlr ulr dsr usr,RIME,automatically detected as rime-affected (bav),https://github.com/GEUS-Glaciology-and-Climate/PROMICE-AWS-data-issues/issues/61
UPE_U,2012-03-27T00:00:00+00:00,2012-03-29T00:00:00+00:00,dlr ulr dsr usr,RIME,automatically detected as rime-affected (bav),https://github.com/GEUS-Glaciology-and-Climate/PROMICE-AWS-data-issues/issues/61
UPE_U,2012-12-14T00:00:00+00:00,2012-12-17T00:00:00+00:00,dlr ulr dsr usr,RIME,automatically detected as rime-affected (bav),https://github.com/GEUS-Glaciology-and-Climate/PROMICE-AWS-data-issues/issues/61
UPE_U,2013-01-11T00:00:00+00:00,2013-01-13T00:00:00+00:00,dlr ulr dsr usr,RIME,automatically detected as rime-affected (bav),https://github.com/GEUS-Glaciology-and-Climate/PROMICE-AWS-data-issues/issues/61
UPE_U,2013-10-04T00:00:00+00:00,2013-10-06T00:00:00+00:00,dlr ulr dsr usr,RIME,automatically detected as rime-affected (bav),https://github.com/GEUS-Glaciology-and-Climate/PROMICE-AWS-data-issues/issues/61
UPE_U,2014-02-17T00:00:00+00:00,2014-02-25T00:00:00+00:00,dlr ulr dsr usr,RIME,automatically detected as rime-affected (bav),https://github.com/GEUS-Glaciology-and-Climate/PROMICE-AWS-data-issues/issues/61
UPE_U,2015-12-20T00:00:00+00:00,2015-12-22T00:00:00+00:00,dlr ulr dsr usr,RIME,automatically detected as rime-affected (bav),https://github.com/GEUS-Glaciology-and-Climate/PROMICE-AWS-data-issues/issues/61
UPE_U,2015-12-29T00:00:00+00:00,2016-01-01T00:00:00+00:00,dlr ulr dsr usr,RIME,automatically detected as rime-affected (bav),https://github.com/GEUS-Glaciology-and-Climate/PROMICE-AWS-data-issues/issues/61
UPE_U,2016-01-22T00:00:00+00:00,2016-01-24T00:00:00+00:00,dlr ulr dsr usr,RIME,automatically detected as rime-affected (bav),https://github.com/GEUS-Glaciology-and-Climate/PROMICE-AWS-data-issues/issues/61
UPE_U,2018-01-12T00:00:00+00:00,2018-01-16T00:00:00+00:00,dlr ulr dsr usr,RIME,automatically detected as rime-affected (bav),https://github.com/GEUS-Glaciology-and-Climate/PROMICE-AWS-data-issues/issues/61
UPE_U,2018-03-22T00:00:00+00:00,2018-03-24T00:00:00+00:00,dlr ulr dsr usr,RIME,automatically detected as rime-affected (bav),https://github.com/GEUS-Glaciology-and-Climate/PROMICE-AWS-data-issues/issues/61
UPE_U,2018-09-14T00:00:00+00:00,2018-09-18T00:00:00+00:00,dlr ulr dsr usr,RIME,automatically detected as rime-affected (bav),https://github.com/GEUS-Glaciology-and-Climate/PROMICE-AWS-data-issues/issues/61
UPE_U,2018-12-21T00:00:00+00:00,2018-12-25T00:00:00+00:00,dlr ulr dsr usr,RIME,automatically detected as rime-affected (bav),https://github.com/GEUS-Glaciology-and-Climate/PROMICE-AWS-data-issues/issues/61
UPE_U,2019-04-16T00:00:00+00:00,2019-04-18T00:00:00+00:00,dlr ulr dsr usr,RIME,automatically detected as rime-affected (bav),https://github.com/GEUS-Glaciology-and-Climate/PROMICE-AWS-data-issues/issues/61
UPE_U,2019-04-24T00:00:00+00:00,2019-04-26T00:00:00+00:00,dlr ulr dsr usr,RIME,automatically detected as rime-affected (bav),https://github.com/GEUS-Glaciology-and-Climate/PROMICE-AWS-data-issues/issues/61
UPE_U,2019-10-28T00:00:00+00:00,2019-10-30T00:00:00+00:00,dlr ulr dsr usr,RIME,automatically detected as rime-affected (bav),https://github.com/GEUS-Glaciology-and-Climate/PROMICE-AWS-data-issues/issues/61
UPE_U,2020-05-04T00:00:00+00:00,2020-05-08T00:00:00+00:00,dlr ulr dsr usr,RIME,automatically detected as rime-affected (bav),https://github.com/GEUS-Glaciology-and-Climate/PROMICE-AWS-data-issues/issues/61
UPE_U,2020-09-02T00:00:00+00:00,2020-09-08T00:00:00+00:00,dlr ulr dsr usr,RIME,automatically detected as rime-affected (bav),https://github.com/GEUS-Glaciology-and-Climate/PROMICE-AWS-data-issues/issues/61
UPE_U,2020-09-21T00:00:00+00:00,2020-10-10T00:00:00+00:00,dlr ulr dsr usr,RIME,automatically detected as rime-affected (bav),https://github.com/GEUS-Glaciology-and-Climate/PROMICE-AWS-data-issues/issues/61
UPE_U,2021-04-14T00:00:00+00:00,2021-04-17T00:00:00+00:00,dlr ulr dsr usr,RIME,automatically detected as rime-affected (bav),https://github.com/GEUS-Glaciology-and-Climate/PROMICE-AWS-data-issues/issues/61
UPE_U,2021-04-20T00:00:00+00:00,2021-04-24T00:00:00+00:00,dlr ulr dsr usr,RIME,automatically detected as rime-affected (bav),https://github.com/GEUS-Glaciology-and-Climate/PROMICE-AWS-data-issues/issues/61
UPE_U,2021-05-13T00:00:00+00:00,2021-05-17T00:00:00+00:00,dlr ulr dsr usr,RIME,automatically detected as rime-affected (bav),https://github.com/GEUS-Glaciology-and-Climate/PROMICE-AWS-data-issues/issues/61
UPE_U,2021-08-31T00:00:00+00:00,2021-09-09T00:00:00+00:00,dlr ulr dsr usr,RIME,automatically detected as rime-affected (bav),https://github.com/GEUS-Glaciology-and-Climate/PROMICE-AWS-data-issues/issues/61
UPE_U,2021-09-21T00:00:00+00:00,2021-09-28T00:00:00+00:00,dlr ulr dsr usr,RIME,automatically detected as rime-affected (bav),https://github.com/GEUS-Glaciology-and-Climate/PROMICE-AWS-data-issues/issues/61
UPE_U,2021-10-02T00:00:00+00:00,2021-10-04T00:00:00+00:00,dlr ulr dsr usr,RIME,automatically detected as rime-affected (bav),https://github.com/GEUS-Glaciology-and-Climate/PROMICE-AWS-data-issues/issues/61
UPE_U,2021-11-03T00:00:00+00:00,2021-11-05T00:00:00+00:00,dlr ulr dsr usr,RIME,automatically detected as rime-affected (bav),https://github.com/GEUS-Glaciology-and-Climate/PROMICE-AWS-data-issues/issues/61
UPE_U,2022-01-25T00:00:00+00:00,2022-01-31T00:00:00+00:00,dlr ulr dsr usr,RIME,automatically detected as rime-affected (bav),https://github.com/GEUS-Glaciology-and-Climate/PROMICE-AWS-data-issues/issues/61
UPE_U,2022-02-05T00:00:00+00:00,2022-02-16T00:00:00+00:00,dlr ulr dsr usr,RIME,automatically detected as rime-affected (bav),https://github.com/GEUS-Glaciology-and-Climate/PROMICE-AWS-data-issues/issues/61
UPE_U,2022-03-04T00:00:00+00:00,2022-03-06T00:00:00+00:00,dlr ulr dsr usr,RIME,automatically detected as rime-affected (bav),https://github.com/GEUS-Glaciology-and-Climate/PROMICE-AWS-data-issues/issues/61
UPE_U,2022-03-10T00:00:00+00:00,2022-03-14T00:00:00+00:00,dlr ulr dsr usr,RIME,automatically detected as rime-affected (bav),https://github.com/GEUS-Glaciology-and-Climate/PROMICE-AWS-data-issues/issues/61
UPE_U,2022-03-19T00:00:00+00:00,2022-03-25T00:00:00+00:00,dlr ulr dsr usr,RIME,automatically detected as rime-affected (bav),https://github.com/GEUS-Glaciology-and-Climate/PROMICE-AWS-data-issues/issues/61
UPE_U,2022-04-21T00:00:00+00:00,2022-04-23T00:00:00+00:00,dlr ulr dsr usr,RIME,automatically detected as rime-affected (bav),https://github.com/GEUS-Glaciology-and-Climate/PROMICE-AWS-data-issues/issues/61
UPE_U,2022-04-28T00:00:00+00:00,2022-05-01T00:00:00+00:00,dlr ulr dsr usr,RIME,automatically detected as rime-affected (bav),https://github.com/GEUS-Glaciology-and-Climate/PROMICE-AWS-data-issues/issues/61
UPE_U,2022-05-06T00:00:00+00:00,2022-05-12T00:00:00+00:00,dlr ulr dsr usr,RIME,automatically detected as rime-affected (bav),https://github.com/GEUS-Glaciology-and-Climate/PROMICE-AWS-data-issues/issues/61
UPE_U,2022-05-15T00:00:00+00:00,2022-05-22T00:00:00+00:00,dlr ulr dsr usr,RIME,automatically detected as rime-affected (bav),https://github.com/GEUS-Glaciology-and-Climate/PROMICE-AWS-data-issues/issues/61
UPE_U,2022-06-11T00:00:00+00:00,2022-06-14T00:00:00+00:00,dlr ulr dsr usr,RIME,automatically detected as rime-affected (bav),https://github.com/GEUS-Glaciology-and-Climate/PROMICE-AWS-data-issues/issues/61
UPE_U,2022-09-22T00:00:00+00:00,2022-09-26T00:00:00+00:00,dlr ulr dsr usr,RIME,automatically detected as rime-affected (bav),https://github.com/GEUS-Glaciology-and-Climate/PROMICE-AWS-data-issues/issues/61
UPE_U,2022-09-29T00:00:00+00:00,2022-10-01T00:00:00+00:00,dlr ulr dsr usr,RIME,automatically detected as rime-affected (bav),https://github.com/GEUS-Glaciology-and-Climate/PROMICE-AWS-data-issues/issues/61
UPE_U,2022-10-04T00:00:00+00:00,2022-10-16T00:00:00+00:00,dlr ulr dsr usr,RIME,automatically detected as rime-affected (bav),https://github.com/GEUS-Glaciology-and-Climate/PROMICE-AWS-data-issues/issues/61
UPE_U,2022-11-13T00:00:00+00:00,2022-11-16T00:00:00+00:00,dlr ulr dsr usr,RIME,automatically detected as rime-affected (bav),https://github.com/GEUS-Glaciology-and-Climate/PROMICE-AWS-data-issues/issues/61
UPE_U,2022-11-21T00:00:00+00:00,2022-11-23T00:00:00+00:00,dlr ulr dsr usr,RIME,automatically detected as rime-affected (bav),https://github.com/GEUS-Glaciology-and-Climate/PROMICE-AWS-data-issues/issues/61
UPE_U,2022-11-26T00:00:00+00:00,2022-12-02T00:00:00+00:00,dlr ulr dsr usr,RIME,automatically detected as rime-affected (bav),https://github.com/GEUS-Glaciology-and-Climate/PROMICE-AWS-data-issues/issues/61
UPE_U,2022-12-21T00:00:00+00:00,2022-12-23T00:00:00+00:00,dlr ulr dsr usr,RIME,automatically detected as rime-affected (bav),https://github.com/GEUS-Glaciology-and-Climate/PROMICE-AWS-data-issues/issues/61
UPE_U,2023-03-26T00:00:00+00:00,2023-03-29T00:00:00+00:00,dlr ulr dsr usr,RIME,automatically detected as rime-affected (bav),https://github.com/GEUS-Glaciology-and-Climate/PROMICE-AWS-data-issues/issues/61
UPE_U,2023-04-01T00:00:00+00:00,2023-04-05T00:00:00+00:00,dlr ulr dsr usr,RIME,automatically detected as rime-affected (bav),https://github.com/GEUS-Glaciology-and-Climate/PROMICE-AWS-data-issues/issues/61
UPE_U,2023-04-19T00:00:00+00:00,2023-04-24T00:00:00+00:00,dlr ulr dsr usr,RIME,automatically detected as rime-affected (bav),https://github.com/GEUS-Glaciology-and-Climate/PROMICE-AWS-data-issues/issues/61
UPE_U,2023-05-23T00:00:00+00:00,2023-05-25T00:00:00+00:00,dlr ulr dsr usr,RIME,automatically detected as rime-affected (bav),https://github.com/GEUS-Glaciology-and-Climate/PROMICE-AWS-data-issues/issues/61
WEG_L,2024-01-07T00:00:00+00:00,2024-01-09T00:00:00+00:00,dlr ulr dsr usr,RIME,automatically detected as rime-affected (bav),https://github.com/GEUS-Glaciology-and-Climate/PROMICE-AWS-data-issues/issues/61
WEG_L,2024-03-09T00:00:00+00:00,2024-03-11T00:00:00+00:00,dlr ulr dsr usr,RIME,automatically detected as rime-affected (bav),https://github.com/GEUS-Glaciology-and-Climate/PROMICE-AWS-data-issues/issues/61
ZAC_Lv3,2023-10-20T00:00:00+00:00,2023-10-22T00:00:00+00:00,dlr ulr dsr usr,RIME,automatically detected as rime-affected (bav),https://github.com/GEUS-Glaciology-and-Climate/PROMICE-AWS-data-issues/issues/61
ZAC_Lv3,2024-01-20T00:00:00+00:00,2024-01-28T00:00:00+00:00,dlr ulr dsr usr,RIME,automatically detected as rime-affected (bav),https://github.com/GEUS-Glaciology-and-Climate/PROMICE-AWS-data-issues/issues/61
ZAC_Uv3,2022-09-16T00:00:00+00:00,2022-09-19T00:00:00+00:00,dlr ulr dsr usr,RIME,automatically detected as rime-affected (bav),https://github.com/GEUS-Glaciology-and-Climate/PROMICE-AWS-data-issues/issues/61
ZAC_Uv3,2022-10-01T00:00:00+00:00,2022-10-06T00:00:00+00:00,dlr ulr dsr usr,RIME,automatically detected as rime-affected (bav),https://github.com/GEUS-Glaciology-and-Climate/PROMICE-AWS-data-issues/issues/61
ZAC_Uv3,2022-11-15T00:00:00+00:00,2022-11-17T00:00:00+00:00,dlr ulr dsr usr,RIME,automatically detected as rime-affected (bav),https://github.com/GEUS-Glaciology-and-Climate/PROMICE-AWS-data-issues/issues/61
ZAC_Uv3,2022-11-20T00:00:00+00:00,2022-11-22T00:00:00+00:00,dlr ulr dsr usr,RIME,automatically detected as rime-affected (bav),https://github.com/GEUS-Glaciology-and-Climate/PROMICE-AWS-data-issues/issues/61
ZAC_Uv3,2022-11-28T00:00:00+00:00,2022-12-04T00:00:00+00:00,dlr ulr dsr usr,RIME,automatically detected as rime-affected (bav),https://github.com/GEUS-Glaciology-and-Climate/PROMICE-AWS-data-issues/issues/61
ZAC_Uv3,2023-10-20T00:00:00+00:00,2023-10-22T00:00:00+00:00,dlr ulr dsr usr,RIME,automatically detected as rime-affected (bav),https://github.com/GEUS-Glaciology-and-Climate/PROMICE-AWS-data-issues/issues/61
ZAC_Uv3,2023-12-18T00:00:00+00:00,2023-12-20T00:00:00+00:00,dlr ulr dsr usr,RIME,automatically detected as rime-affected (bav),https://github.com/GEUS-Glaciology-and-Climate/PROMICE-AWS-data-issues/issues/61
ZAC_Uv3,2024-01-20T00:00:00+00:00,2024-01-28T00:00:00+00:00,dlr ulr dsr usr,RIME,automatically detected as rime-affected (bav),https://github.com/GEUS-Glaciology-and-Climate/PROMICE-AWS-data-issues/issues/61
